slug,name,team,location,opponent,outcome,seconds_played,made_field_goals,attempted_field_goals,made_three_point_field_goals,attempted_three_point_field_goals,made_free_throws,attempted_free_throws,offensive_rebounds,defensive_rebounds,assists,steals,blocks,turnovers,personal_fouls,game_score,plus_minus
paulch01,Chris Paul,LOS ANGELES CLIPPERS,AWAY,CLEVELAND CAVALIERS,LOSS,2011,11,19,1,3,7,7,1,2,9,3,1,4,4,26.8,-4.0
gasolma01,Marc Gasol,MEMPHIS GRIZZLIES,AWAY,DENVER NUGGETS,WIN,2114,9,14,0,0,9,10,0,4,6,1,3,3,3,24.7,13.0
davisan02,Anthony Davis,NEW ORLEANS PELICANS,HOME,DETROIT PISTONS,WIN,2150,13,23,1,2,5,5,3,4,2,1,2,2,4,24.6,15.0
drumman01,Andre Drummond,DETROIT PISTONS,AWAY,NEW ORLEANS PELICANS,LOSS,2142,8,17,0,1,3,5,9,13,1,4,0,2,2,21.6,-8.0
jamesle01,LeBron James,CLEVELAND CAVALIERS,HOME,LOS ANGELES CLIPPERS,WIN,2111,9,17,1,4,3,5,1,4,12,0,0,0,4,21.6,21.0
evansty01,Tyreke Evans,NEW ORLEANS PELICANS,HOME,DETROIT PISTONS,WIN,1869,8,14,2,3,4,4,1,3,10,2,0,4,3,20.8,16.0
conlemi01,Mike Conley,MEMPHIS GRIZZLIES,AWAY,DENVER NUGGETS,WIN,1616,5,9,2,3,8,10,1,2,2,1,0,0,3,17.4,-12.0
smithjr01,J.R. Smith,CLEVELAND CAVALIERS,HOME,LOS ANGELES CLIPPERS,WIN,1978,8,12,6,7,0,0,1,1,2,0,0,0,5,17.2,30.0
jennibr01,Brandon Jennings,DETROIT PISTONS,AWAY,NEW ORLEANS PELICANS,LOSS,1211,6,11,3,6,5,6,0,1,5,0,0,1,0,17.1,-1.0
bookede01,Devin Booker,PHOENIX SUNS,HOME,SAN ANTONIO SPURS,LOSS,2611,8,16,2,6,6,7,0,1,5,0,0,1,4,16.8,-23.0
couside01,DeMarcus Cousins,SACRAMENTO KINGS,HOME,ATLANTA HAWKS,WIN,2341,10,25,1,1,3,4,4,12,5,3,2,6,4,16.8,10.0
millspa01,Paul Millsap,ATLANTA HAWKS,AWAY,SACRAMENTO KINGS,LOSS,1957,6,12,0,1,2,2,4,10,3,5,4,5,5,16.7,-16.0
farieke01,Kenneth Faried,DENVER NUGGETS,HOME,MEMPHIS GRIZZLIES,LOSS,1432,8,12,0,0,1,3,3,9,0,0,1,0,2,15.7,-1.0
leonaka01,Kawhi Leonard,SAN ANTONIO SPURS,AWAY,PHOENIX SUNS,WIN,1332,6,15,1,1,8,8,1,2,3,0,0,0,2,15.5,24.0
caulewi01,Willie Cauley-Stein,SACRAMENTO KINGS,HOME,ATLANTA HAWKS,WIN,1801,5,8,0,0,2,2,5,6,0,2,0,0,1,15.3,1.0
marjabo01,Boban Marjanović,SAN ANTONIO SPURS,AWAY,PHOENIX SUNS,WIN,1290,6,10,0,0,5,6,4,9,0,1,0,2,4,14.9,3.0
asikom01,Ömer Aşık,NEW ORLEANS PELICANS,HOME,DETROIT PISTONS,WIN,1173,4,5,0,0,4,4,4,4,0,0,1,0,1,14.4,7.0
irvinky01,Kyrie Irving,CLEVELAND CAVALIERS,HOME,LOS ANGELES CLIPPERS,WIN,1712,8,18,2,4,3,3,1,1,4,1,0,1,3,14.2,15.0
loveke01,Kevin Love,CLEVELAND CAVALIERS,HOME,LOS ANGELES CLIPPERS,WIN,2009,4,10,3,6,7,8,2,14,2,1,0,5,3,14.0,11.0
mozgoti01,Timofey Mozgov,CLEVELAND CAVALIERS,HOME,LOS ANGELES CLIPPERS,WIN,1340,5,6,0,0,1,2,2,3,1,2,2,0,2,14.0,2.0
caldwke01,Kentavious Caldwell-Pope,DETROIT PISTONS,AWAY,NEW ORLEANS PELICANS,LOSS,2464,9,17,3,8,2,2,1,2,0,0,1,2,3,13.5,-11.0
horfoal01,Al Horford,ATLANTA HAWKS,AWAY,SACRAMENTO KINGS,LOSS,2025,5,11,1,3,0,0,3,5,3,3,0,0,2,13.2,1.0
casspom01,Omri Casspi,SACRAMENTO KINGS,HOME,ATLANTA HAWKS,WIN,2258,4,10,3,7,2,4,1,4,2,5,0,1,3,12.9,0.0
chandty01,Tyson Chandler,PHOENIX SUNS,HOME,SAN ANTONIO SPURS,LOSS,2173,3,7,0,0,2,2,4,16,4,0,1,2,3,12.2,-15.0
crawfja01,Jamal Crawford,LOS ANGELES CLIPPERS,AWAY,CLEVELAND CAVALIERS,LOSS,1606,6,9,2,3,2,2,0,0,0,1,0,1,0,12.1,-4.0
westda01,David West,SAN ANTONIO SPURS,AWAY,PHOENIX SUNS,WIN,1159,3,4,0,0,2,2,0,4,3,2,1,0,1,12.0,13.0
mudiaem01,Emmanuel Mudiay,DENVER NUGGETS,HOME,MEMPHIS GRIZZLIES,LOSS,1976,6,13,2,5,0,2,0,3,8,0,0,1,2,11.2,-3.0
redicjj01,JJ Redick,LOS ANGELES CLIPPERS,AWAY,CLEVELAND CAVALIERS,LOSS,1735,6,12,2,6,3,4,0,2,0,0,0,0,0,11.2,-18.0
coleno01,Norris Cole,NEW ORLEANS PELICANS,HOME,DETROIT PISTONS,WIN,1867,5,11,0,0,2,2,0,8,7,0,0,1,4,11.0,7.0
geeal01,Alonzo Gee,NEW ORLEANS PELICANS,HOME,DETROIT PISTONS,WIN,1744,3,4,1,2,0,0,2,7,1,1,1,0,1,10.9,9.0
jokicni01,Nikola Jokić,DENVER NUGGETS,HOME,MEMPHIS GRIZZLIES,LOSS,823,2,3,0,0,5,5,1,1,2,2,0,0,3,10.9,-1.0
warretj01,T.J. Warren,PHOENIX SUNS,HOME,SAN ANTONIO SPURS,LOSS,1977,8,13,2,2,0,0,1,0,0,1,0,1,5,10.8,-15.0
goodwar01,Archie Goodwin,PHOENIX SUNS,HOME,SAN ANTONIO SPURS,LOSS,2328,5,14,2,5,8,10,0,3,2,1,1,4,2,10.6,-27.0
anderky01,Kyle Anderson,SAN ANTONIO SPURS,AWAY,PHOENIX SUNS,WIN,1500,3,5,1,1,2,2,0,4,3,1,1,0,3,10.5,16.0
bartowi01,Will Barton,DENVER NUGGETS,HOME,MEMPHIS GRIZZLIES,LOSS,1753,5,10,1,5,3,3,1,5,2,2,0,4,2,9.8,5.0
aldrico01,Cole Aldrich,LOS ANGELES CLIPPERS,AWAY,CLEVELAND CAVALIERS,LOSS,874,4,9,0,0,3,4,2,2,3,0,1,0,3,9.5,6.0
lauvejo01,Joffrey Lauvergne,DENVER NUGGETS,HOME,MEMPHIS GRIZZLIES,LOSS,1681,3,3,1,1,2,2,3,5,3,0,0,2,6,9.4,2.0
mccalra01,Ray McCallum,SAN ANTONIO SPURS,AWAY,PHOENIX SUNS,WIN,1722,5,10,1,3,0,0,2,2,3,0,0,0,2,9.3,15.0
lenal01,Alex Len,PHOENIX SUNS,HOME,SAN ANTONIO SPURS,LOSS,2102,6,14,0,0,1,2,1,7,4,1,2,2,5,9.2,-19.0
barnema02,Matt Barnes,MEMPHIS GRIZZLIES,AWAY,DENVER NUGGETS,WIN,2146,3,10,1,7,0,0,1,6,5,3,1,1,2,9.1,-4.0
mclembe01,Ben McLemore,SACRAMENTO KINGS,HOME,ATLANTA HAWKS,WIN,2034,5,14,2,7,2,4,1,2,4,2,1,3,1,8.8,16.0
randoza01,Zach Randolph,MEMPHIS GRIZZLIES,AWAY,DENVER NUGGETS,WIN,1767,5,7,0,0,3,4,2,4,0,0,1,3,3,8.8,0.0
anderry01,Ryan Anderson,NEW ORLEANS PELICANS,HOME,DETROIT PISTONS,WIN,1830,5,9,0,1,3,3,1,1,0,0,0,1,1,8.3,13.0
jordade01,DeAndre Jordan,LOS ANGELES CLIPPERS,AWAY,CLEVELAND CAVALIERS,LOSS,1971,2,5,0,0,6,15,3,10,1,0,0,1,1,8.1,-15.0
gallida01,Danilo Gallinari,DENVER NUGGETS,HOME,MEMPHIS GRIZZLIES,LOSS,1867,5,15,3,9,4,4,1,2,0,0,0,1,2,8.0,10.0
leeco01,Courtney Lee,MEMPHIS GRIZZLIES,AWAY,DENVER NUGGETS,WIN,2113,4,6,0,2,2,2,0,4,0,1,0,1,2,7.8,11.0
butlera01,Rasual Butler,SAN ANTONIO SPURS,AWAY,PHOENIX SUNS,WIN,528,3,4,1,2,2,2,0,0,0,0,1,0,1,7.7,11.0
rondora01,Rajon Rondo,SACRAMENTO KINGS,HOME,ATLANTA HAWKS,WIN,2250,5,16,1,4,0,0,2,7,11,0,1,6,1,7.3,13.0
bonnema01,Matt Bonner,SAN ANTONIO SPURS,AWAY,PHOENIX SUNS,WIN,643,2,2,1,1,0,0,1,1,1,1,0,0,0,7.1,11.0
bazemke01,Kent Bazemore,ATLANTA HAWKS,AWAY,SACRAMENTO KINGS,LOSS,1703,5,9,1,3,0,1,0,4,2,1,0,3,0,6.9,-9.0
diawbo01,Boris Diaw,SAN ANTONIO SPURS,AWAY,PHOENIX SUNS,WIN,1163,2,5,1,1,0,0,0,4,4,0,2,1,0,6.7,14.0
sefolth01,Thabo Sefolosha,ATLANTA HAWKS,AWAY,SACRAMENTO KINGS,LOSS,1642,3,6,0,2,2,2,0,2,2,1,0,1,1,6.6,-1.0
ajincal01,Alexis Ajinça,NEW ORLEANS PELICANS,HOME,DETROIT PISTONS,WIN,577,3,3,0,0,0,0,0,3,0,0,1,0,1,6.3,0.0
hardati02,Tim Hardaway Jr.,ATLANTA HAWKS,AWAY,SACRAMENTO KINGS,LOSS,933,3,8,0,3,3,4,0,5,0,1,0,0,1,6.3,17.0
harriga01,Gary Harris,DENVER NUGGETS,HOME,MEMPHIS GRIZZLIES,LOSS,1259,3,9,1,3,0,0,1,1,4,1,0,0,1,6.3,-2.0
simmojo02,Jonathon Simmons,SAN ANTONIO SPURS,AWAY,PHOENIX SUNS,WIN,1499,5,9,1,2,2,5,0,1,1,1,0,2,3,6.3,12.0
greenda02,Danny Green,SAN ANTONIO SPURS,AWAY,PHOENIX SUNS,WIN,770,1,1,0,0,2,2,1,1,1,0,1,0,0,6.1,4.0
korveky01,Kyle Korver,ATLANTA HAWKS,AWAY,SACRAMENTO KINGS,LOSS,1650,3,11,3,10,0,0,0,1,3,2,1,1,2,5.8,-12.0
thomptr01,Tristan Thompson,CLEVELAND CAVALIERS,HOME,LOS ANGELES CLIPPERS,WIN,1425,2,6,0,0,4,6,5,7,0,0,0,2,4,5.8,7.0
chalmma01,Mario Chalmers,MEMPHIS GRIZZLIES,AWAY,DENVER NUGGETS,WIN,1264,2,7,1,4,0,0,0,3,6,1,0,1,2,5.2,13.0
greenja01,JaMychal Green,MEMPHIS GRIZZLIES,AWAY,DENVER NUGGETS,WIN,848,3,4,1,1,0,0,0,2,0,0,0,0,2,5.2,0.0
millspa02,Patty Mills,SAN ANTONIO SPURS,AWAY,PHOENIX SUNS,WIN,1158,3,10,2,3,0,0,1,0,3,2,0,1,2,5.2,13.0
koufoko01,Kosta Koufos,SACRAMENTO KINGS,HOME,ATLANTA HAWKS,WIN,899,2,5,0,0,2,2,4,2,0,0,0,1,2,4.9,2.0
ilyaser01,Ersan İlyasova,DETROIT PISTONS,AWAY,NEW ORLEANS PELICANS,LOSS,2191,3,10,0,4,4,5,3,1,1,0,0,2,1,4.5,-10.0
splitti01,Tiago Splitter,ATLANTA HAWKS,AWAY,SACRAMENTO KINGS,LOSS,908,1,1,0,0,2,4,0,3,0,0,1,0,0,4.5,-6.0
baynear01,Aron Baynes,DETROIT PISTONS,AWAY,NEW ORLEANS PELICANS,LOSS,738,2,5,0,0,2,2,1,4,0,1,0,1,2,4.4,-8.0
dellama01,Matthew Dellavedova,CLEVELAND CAVALIERS,HOME,LOS ANGELES CLIPPERS,WIN,1649,3,8,0,4,0,0,1,2,6,1,0,3,2,4.3,-8.0
scottmi01,Mike Scott,ATLANTA HAWKS,AWAY,SACRAMENTO KINGS,LOSS,870,2,4,2,3,0,0,0,1,0,0,2,0,4,4.1,15.0
douglto01,Toney Douglas,NEW ORLEANS PELICANS,HOME,DETROIT PISTONS,WIN,645,1,3,0,1,0,0,0,0,2,3,0,0,2,3.9,6.0
arthuda01,Darrell Arthur,DENVER NUGGETS,HOME,MEMPHIS GRIZZLIES,LOSS,1479,1,4,0,1,2,2,0,4,4,0,0,1,2,3.8,-1.0
mbahalu01,Luc Mbah a Moute,LOS ANGELES CLIPPERS,AWAY,CLEVELAND CAVALIERS,LOSS,1323,1,2,0,1,3,4,1,3,0,0,0,1,1,3.8,-10.0
prigipa01,Pablo Prigioni,LOS ANGELES CLIPPERS,AWAY,CLEVELAND CAVALIERS,LOSS,761,1,4,1,3,0,0,0,2,2,1,0,0,0,3.6,-4.0
holliry01,Ryan Hollins,MEMPHIS GRIZZLIES,AWAY,DENVER NUGGETS,WIN,766,2,3,0,0,0,0,0,4,0,0,1,0,3,3.4,-12.0
johnsst04,Stanley Johnson,DETROIT PISTONS,AWAY,NEW ORLEANS PELICANS,LOSS,1172,3,6,0,2,0,0,1,1,2,0,0,1,3,3.2,1.0
shumpim01,Iman Shumpert,CLEVELAND CAVALIERS,HOME,LOS ANGELES CLIPPERS,WIN,1230,3,6,1,3,0,0,1,1,1,0,0,1,4,3.1,-7.0
acyqu01,Quincy Acy,SACRAMENTO KINGS,HOME,ATLANTA HAWKS,WIN,689,1,2,0,0,2,2,0,1,0,0,0,0,1,2.9,-10.0
holidjr01,Jrue Holiday,NEW ORLEANS PELICANS,HOME,DETROIT PISTONS,WIN,1349,3,11,0,1,0,0,0,2,4,1,0,1,0,2.9,6.0
kilpase01,Sean Kilpatrick,DENVER NUGGETS,HOME,MEMPHIS GRIZZLIES,LOSS,690,1,4,1,4,1,2,0,0,1,1,0,0,0,2.9,-3.0
aldrila01,LaMarcus Aldridge,SAN ANTONIO SPURS,AWAY,PHOENIX SUNS,WIN,1297,3,9,0,0,1,1,0,5,2,0,0,1,3,2.6,7.0
riverau01,Austin Rivers,LOS ANGELES CLIPPERS,AWAY,CLEVELAND CAVALIERS,LOSS,1172,2,6,0,3,0,0,0,2,3,1,1,1,4,2.4,-4.0
tollian01,Anthony Tolliver,DETROIT PISTONS,AWAY,NEW ORLEANS PELICANS,LOSS,689,1,3,1,3,0,0,0,1,1,0,0,0,0,2.3,-6.0
johnswe01,Wesley Johnson,LOS ANGELES CLIPPERS,AWAY,CLEVELAND CAVALIERS,LOSS,1257,2,6,0,3,0,0,0,3,0,1,0,0,2,1.7,-8.0
cunnida01,Dante Cunningham,NEW ORLEANS PELICANS,HOME,DETROIT PISTONS,WIN,1136,1,3,1,2,0,0,0,1,0,0,0,0,0,1.6,7.0
foyera01,Randy Foye,DENVER NUGGETS,HOME,MEMPHIS GRIZZLIES,LOSS,1237,2,7,0,2,2,3,0,0,1,0,0,0,2,1.4,-5.0
schrode01,Dennis Schröder,ATLANTA HAWKS,AWAY,SACRAMENTO KINGS,LOSS,1513,5,14,1,6,1,2,0,2,4,1,0,6,2,1.4,10.0
greenje02,Jeff Green,MEMPHIS GRIZZLIES,AWAY,DENVER NUGGETS,WIN,1283,3,9,1,2,2,3,0,4,1,0,0,3,3,1.2,7.0
stephla01,Lance Stephenson,LOS ANGELES CLIPPERS,AWAY,CLEVELAND CAVALIERS,LOSS,509,1,3,0,0,0,0,1,1,0,1,0,0,3,1.1,5.0
belinma01,Marco Belinelli,SACRAMENTO KINGS,HOME,ATLANTA HAWKS,WIN,1136,0,7,0,5,4,4,0,4,2,0,0,1,0,0.7,-3.0
jeffeco01,Cory Jefferson,PHOENIX SUNS,HOME,SAN ANTONIO SPURS,LOSS,1036,1,8,0,0,2,2,3,2,0,0,0,0,2,0.7,-6.0
millemi01,Mike Miller,DENVER NUGGETS,HOME,MEMPHIS GRIZZLIES,LOSS,1,0,0,0,0,0,0,0,0,1,0,0,0,0,0.7,3.0
teaguje01,Jeff Teague,ATLANTA HAWKS,AWAY,SACRAMENTO KINGS,LOSS,1199,2,8,0,2,0,0,0,2,4,1,1,3,2,0.5,-14.0
anderja01,James Anderson,SACRAMENTO KINGS,HOME,ATLANTA HAWKS,WIN,13,0,0,0,0,0,0,0,1,0,0,0,0,0,0.3,0.0
tuckepj01,P.J. Tucker,PHOENIX SUNS,HOME,SAN ANTONIO SPURS,LOSS,363,0,0,0,0,0,0,0,1,0,0,0,0,0,0.3,-6.0
jacksre01,Reggie Jackson,DETROIT PISTONS,AWAY,NEW ORLEANS PELICANS,LOSS,1669,4,11,0,4,0,0,0,0,5,0,0,4,3,0.2,-15.0
morrima03,Marcus Morris,DETROIT PISTONS,AWAY,NEW ORLEANS PELICANS,LOSS,2124,2,11,0,2,0,0,3,3,2,0,1,2,0,0.2,-22.0
babbilu01,Luke Babbitt,NEW ORLEANS PELICANS,HOME,DETROIT PISTONS,WIN,30,0,0,0,0,0,0,0,0,0,0,0,0,0,0.0,-3.0
cunnija01,Jared Cunningham,CLEVELAND CAVALIERS,HOME,LOS ANGELES CLIPPERS,WIN,143,0,0,0,0,0,0,0,0,0,0,0,0,0,0.0,-6.0
dejeabr01,Bryce Dejean-Jones,NEW ORLEANS PELICANS,HOME,DETROIT PISTONS,WIN,30,0,0,0,0,0,0,0,0,0,0,0,0,0,0.0,-3.0
wilcocj01,C.J. Wilcox,LOS ANGELES CLIPPERS,AWAY,CLEVELAND CAVALIERS,LOSS,167,0,0,0,0,0,0,0,0,0,0,0,0,0,0.0,2.0
collida01,Darren Collison,SACRAMENTO KINGS,HOME,ATLANTA HAWKS,WIN,979,1,5,0,0,1,2,0,0,0,1,0,1,1,-0.9,-14.0
brownlo01,Lorenzo Brown,PHOENIX SUNS,HOME,SAN ANTONIO SPURS,LOSS,552,0,4,0,2,0,0,0,4,2,0,0,1,0,-1.2,-1.0
cartevi01,Vince Carter,MEMPHIS GRIZZLIES,AWAY,DENVER NUGGETS,WIN,483,0,3,0,2,0,0,0,0,1,0,0,0,0,-1.4,-11.0
jonesja02,James Jones,CLEVELAND CAVALIERS,HOME,LOS ANGELES CLIPPERS,WIN,803,0,0,0,0,0,0,0,0,1,0,0,1,4,-1.9,0.0
nurkiju01,Jusuf Nurkić,DENVER NUGGETS,HOME,MEMPHIS GRIZZLIES,LOSS,202,0,0,0,0,0,0,0,0,0,0,0,1,3,-2.2,-9.0
ginobma01,Manu Ginóbili,SAN ANTONIO SPURS,AWAY,PHOENIX SUNS,WIN,339,0,2,0,0,0,0,0,0,0,0,0,1,0,-2.4,-3.0
piercpa01,Paul Pierce,LOS ANGELES CLIPPERS,AWAY,CLEVELAND CAVALIERS,LOSS,1014,0,5,0,3,0,0,0,0,1,1,0,1,3,-4.0,-11.0
weemsso01,Sonny Weems,PHOENIX SUNS,HOME,SAN ANTONIO SPURS,LOSS,1258,1,5,0,3,0,0,0,0,1,0,0,2,5,-4.4,-28.0
