slug,name,team,location,opponent,outcome,seconds_played,made_field_goals,attempted_field_goals,made_three_point_field_goals,attempted_three_point_field_goals,made_free_throws,attempted_free_throws,offensive_rebounds,defensive_rebounds,assists,steals,blocks,turnovers,personal_fouls,game_score,plus_minus
jamesle01,LeBron James,LOS ANGELES LAKERS,HOME,WASHINGTON WIZARDS,WIN,2142,18,25,6,9,8,8,0,7,6,0,1,3,3,42.5,22.0
trentga02,Gary Trent Jr.,TORONTO RAPTORS,AWAY,PHOENIX SUNS,WIN,2423,13,21,8,11,8,8,1,7,1,0,0,2,2,33.2,20.0
adebaba01,Bam Adebayo,MIAMI HEAT,HOME,CLEVELAND CAVALIERS,WIN,1962,11,16,0,0,8,8,2,15,1,3,1,3,4,28.9,12.0
bridgmi02,Miles Bridges,CHARLOTTE HORNETS,AWAY,NEW ORLEANS PELICANS,WIN,1755,9,15,4,8,4,5,2,6,9,1,0,0,1,28.8,27.0
poweldw01,Dwight Powell,DALLAS MAVERICKS,AWAY,HOUSTON ROCKETS,WIN,1907,9,11,0,0,8,9,6,6,3,0,2,2,2,28.2,19.0
randlju01,Julius Randle,NEW YORK KNICKS,AWAY,MEMPHIS GRIZZLIES,LOSS,2413,11,27,3,6,11,13,3,9,6,2,2,4,5,27.1,5.0
zubaciv01,Ivica Zubac,LOS ANGELES CLIPPERS,AWAY,ATLANTA HAWKS,LOSS,2177,10,13,0,0,4,4,4,8,4,1,2,1,4,26.7,8.0
murphtr02,Trey Murphy III,NEW ORLEANS PELICANS,HOME,CHARLOTTE HORNETS,LOSS,1703,12,20,7,12,1,2,4,5,2,0,0,0,4,26.5,-8.0
bambamo01,Mo Bamba,ORLANDO MAGIC,HOME,MINNESOTA TIMBERWOLVES,WIN,1940,10,15,5,8,2,2,2,10,0,0,2,0,1,25.9,13.0
moranja01,Ja Morant,MEMPHIS GRIZZLIES,HOME,NEW YORK KNICKS,WIN,2251,14,34,1,4,8,10,2,3,8,2,1,2,2,25.8,-3.0
butleji01,Jimmy Butler,MIAMI HEAT,HOME,CLEVELAND CAVALIERS,WIN,2031,7,14,0,1,10,12,2,2,5,3,1,1,1,24.0,15.0
doncilu01,Luka Dončić,DALLAS MAVERICKS,AWAY,HOUSTON ROCKETS,WIN,2142,9,19,5,11,7,10,1,13,6,0,2,5,1,23.9,16.0
tatumja01,Jayson Tatum,BOSTON CELTICS,HOME,DETROIT PISTONS,WIN,2262,13,27,2,9,3,3,2,6,6,1,0,1,3,23.5,14.0
youngtr01,Trae Young,ATLANTA HAWKS,HOME,LOS ANGELES CLIPPERS,WIN,2238,8,17,1,4,10,12,1,4,11,1,0,4,2,23.3,8.0
smartma01,Marcus Smart,BOSTON CELTICS,HOME,DETROIT PISTONS,WIN,1958,6,10,2,3,6,7,0,3,5,5,0,1,2,22.6,7.0
roziete01,Terry Rozier,CHARLOTTE HORNETS,AWAY,NEW ORLEANS PELICANS,WIN,1997,9,17,7,13,0,0,0,3,8,2,0,3,1,21.8,25.0
ballla01,LaMelo Ball,CHARLOTTE HORNETS,AWAY,NEW ORLEANS PELICANS,WIN,1878,6,12,2,7,3,4,0,6,9,3,0,1,2,19.9,14.0
edwaran01,Anthony Edwards,MINNESOTA TIMBERWOLVES,AWAY,ORLANDO MAGIC,LOSS,2066,9,19,4,11,3,3,0,3,5,1,0,0,3,19.5,-3.0
siakapa01,Pascal Siakam,TORONTO RAPTORS,AWAY,PHOENIX SUNS,WIN,2443,10,24,2,5,3,4,3,4,10,1,0,2,4,19.5,16.0
townska01,Karl-Anthony Towns,MINNESOTA TIMBERWOLVES,AWAY,ORLANDO MAGIC,LOSS,2032,6,14,1,5,8,8,2,11,4,2,2,3,5,19.5,2.0
mobleev01,Evan Mobley,CLEVELAND CAVALIERS,AWAY,MIAMI HEAT,LOSS,2049,7,12,0,0,5,6,1,11,4,1,1,1,3,19.3,-9.0
murrade01,Dejounte Murray,SAN ANTONIO SPURS,HOME,UTAH JAZZ,WIN,2236,9,23,1,5,8,12,0,9,4,5,0,4,1,19.0,8.0
monkma01,Malik Monk,LOS ANGELES LAKERS,HOME,WASHINGTON WIZARDS,WIN,1773,8,12,5,7,0,0,0,3,4,0,0,0,5,17.5,17.0
goberru01,Rudy Gobert,UTAH JAZZ,AWAY,SAN ANTONIO SPURS,LOSS,1915,2,3,0,0,9,10,4,12,1,0,5,3,4,17.3,-2.0
capelca01,Clint Capela,ATLANTA HAWKS,HOME,LOS ANGELES CLIPPERS,WIN,1556,7,9,0,0,0,0,5,6,2,1,2,2,1,17.2,4.0
robinmi01,Mitchell Robinson,NEW YORK KNICKS,AWAY,MEMPHIS GRIZZLIES,LOSS,2020,5,8,0,0,0,2,8,8,4,3,4,3,5,17.2,-4.0
burksal01,Alec Burks,NEW YORK KNICKS,AWAY,MEMPHIS GRIZZLIES,LOSS,2101,6,11,2,5,4,5,1,5,5,1,0,0,5,17.0,-11.0
wagnemo01,Moritz Wagner,ORLANDO MAGIC,HOME,MINNESOTA TIMBERWOLVES,WIN,793,5,8,2,4,6,6,1,5,1,0,0,0,1,16.9,-3.0
cartewe01,Wendell Carter Jr.,ORLANDO MAGIC,HOME,MINNESOTA TIMBERWOLVES,WIN,2116,7,15,2,4,4,5,4,6,5,0,0,2,3,16.8,11.0
grahade01,Devonte' Graham,NEW ORLEANS PELICANS,HOME,CHARLOTTE HORNETS,LOSS,2039,7,14,4,10,1,1,1,3,7,3,0,4,2,16.7,-11.0
fultzma01,Markelle Fultz,ORLANDO MAGIC,HOME,MINNESOTA TIMBERWOLVES,WIN,1072,4,8,1,1,5,6,0,3,7,1,0,0,0,16.4,13.0
satorto01,Tomáš Satoranský,WASHINGTON WIZARDS,AWAY,LOS ANGELES LAKERS,LOSS,1196,5,6,0,1,4,4,0,3,4,1,1,0,2,16.4,-5.0
fernabr01,Bruno Fernando,HOUSTON ROCKETS,HOME,DALLAS MAVERICKS,LOSS,1366,8,8,0,0,0,0,1,10,0,0,2,1,4,16.1,6.0
marshna01,Naji Marshall,NEW ORLEANS PELICANS,HOME,CHARLOTTE HORNETS,LOSS,1730,5,10,2,6,2,2,1,3,7,3,0,2,1,16.1,-14.0
payneca01,Cameron Payne,PHOENIX SUNS,HOME,TORONTO RAPTORS,LOSS,2247,9,18,3,9,3,4,0,7,4,2,0,3,6,16.1,15.0
herroty01,Tyler Herro,MIAMI HEAT,HOME,CLEVELAND CAVALIERS,WIN,2014,8,15,2,4,4,5,0,1,2,1,0,1,0,16.0,2.0
williro04,Robert Williams,BOSTON CELTICS,HOME,DETROIT PISTONS,WIN,2019,5,7,0,0,2,4,5,4,3,1,1,0,2,16.0,18.0
bookede01,Devin Booker,PHOENIX SUNS,HOME,TORONTO RAPTORS,LOSS,2191,9,18,3,7,1,2,0,3,7,1,1,3,3,15.9,-21.0
martico01,Cody Martin,CHARLOTTE HORNETS,AWAY,NEW ORLEANS PELICANS,WIN,1705,6,7,1,2,2,3,0,5,4,1,0,0,4,15.8,10.0
baglema01,Marvin Bagley III,DETROIT PISTONS,AWAY,BOSTON CELTICS,LOSS,2012,9,15,0,2,2,2,3,8,1,2,0,4,2,15.5,-10.0
colliza01,Zach Collins,SAN ANTONIO SPURS,HOME,UTAH JAZZ,WIN,1157,4,7,2,3,5,5,3,2,3,0,1,1,2,15.4,-7.0
porzikr01,Kristaps Porziņģis,WASHINGTON WIZARDS,AWAY,LOS ANGELES LAKERS,LOSS,1521,3,13,0,3,8,8,6,8,2,1,1,0,1,15.4,-12.0
dinwisp01,Spencer Dinwiddie,DALLAS MAVERICKS,AWAY,HOUSTON ROCKETS,WIN,1982,6,13,1,4,3,4,0,3,7,2,1,1,4,14.8,9.0
kennalu01,Luke Kennard,LOS ANGELES CLIPPERS,AWAY,ATLANTA HAWKS,LOSS,1876,4,6,3,3,3,3,0,4,4,1,0,1,2,14.6,2.0
aytonde01,Deandre Ayton,PHOENIX SUNS,HOME,TORONTO RAPTORS,LOSS,1802,8,11,0,1,0,0,1,6,2,0,0,1,0,14.4,-7.0
cunnica01,Cade Cunningham,DETROIT PISTONS,AWAY,BOSTON CELTICS,LOSS,2452,10,27,3,10,4,4,1,7,6,0,0,4,2,14.3,-4.0
hernawi01,Willy Hernangómez,NEW ORLEANS PELICANS,HOME,CHARLOTTE HORNETS,LOSS,1296,6,6,0,0,3,4,2,4,1,1,1,2,4,14.2,-10.0
jacksre01,Reggie Jackson,LOS ANGELES CLIPPERS,AWAY,ATLANTA HAWKS,LOSS,2389,9,20,3,8,3,4,1,4,5,1,0,5,1,14.2,-6.0
clarkbr01,Brandon Clarke,MEMPHIS GRIZZLIES,HOME,NEW YORK KNICKS,WIN,1521,5,8,0,0,0,0,4,4,0,2,4,0,3,14.0,10.0
kispeco01,Corey Kispert,WASHINGTON WIZARDS,AWAY,LOS ANGELES LAKERS,LOSS,2019,8,14,5,11,0,0,1,1,0,0,0,0,4,13.8,-20.0
mitchdo01,Donovan Mitchell,UTAH JAZZ,AWAY,SAN ANTONIO SPURS,LOSS,2092,10,23,4,11,0,0,1,6,6,0,0,4,2,13.8,2.0
garlada01,Darius Garland,CLEVELAND CAVALIERS,AWAY,MIAMI HEAT,LOSS,2189,4,17,1,6,15,16,1,1,10,1,0,7,4,13.7,-9.0
barnesc01,Scottie Barnes,TORONTO RAPTORS,AWAY,PHOENIX SUNS,WIN,2195,7,17,1,3,0,0,3,3,1,5,2,2,1,13.6,-16.0
huertke01,Kevin Huerter,ATLANTA HAWKS,HOME,LOS ANGELES CLIPPERS,WIN,2184,6,12,4,8,0,0,1,7,2,1,0,1,2,13.4,0.0
harremo01,Montrezl Harrell,CHARLOTTE HORNETS,AWAY,NEW ORLEANS PELICANS,WIN,1361,7,9,0,0,2,3,2,4,2,1,0,3,2,13.3,0.0
crowdja01,Jae Crowder,PHOENIX SUNS,HOME,TORONTO RAPTORS,LOSS,1444,5,9,2,4,1,1,0,4,3,2,0,0,2,13.2,-6.0
joneshe01,Herbert Jones,NEW ORLEANS PELICANS,HOME,CHARLOTTE HORNETS,LOSS,2028,3,6,0,2,6,8,1,1,8,1,0,2,2,13.0,-23.0
strusma01,Max Strus,MIAMI HEAT,HOME,CLEVELAND CAVALIERS,WIN,1135,6,13,5,11,0,0,0,2,3,1,1,1,2,12.9,-2.0
hachiru01,Rui Hachimura,WASHINGTON WIZARDS,AWAY,LOS ANGELES LAKERS,LOSS,1536,6,11,2,3,1,2,2,4,1,1,0,0,3,12.4,7.0
nowelja01,Jaylen Nowell,MINNESOTA TIMBERWOLVES,AWAY,ORLANDO MAGIC,LOSS,758,5,5,2,2,0,0,0,2,3,0,0,0,2,12.4,-4.0
kuzmaky01,Kyle Kuzma,WASHINGTON WIZARDS,AWAY,LOS ANGELES LAKERS,LOSS,1927,9,18,2,6,3,9,2,5,3,0,0,4,1,12.2,-18.0
greenjo02,Josh Green,DALLAS MAVERICKS,AWAY,HOUSTON ROCKETS,WIN,2157,4,10,1,2,1,1,3,3,1,4,2,0,4,12.1,-1.0
brownja02,Jaylen Brown,BOSTON CELTICS,HOME,DETROIT PISTONS,WIN,2019,8,22,1,8,5,7,2,6,4,1,0,3,3,11.8,18.0
thomais02,Isaiah Thomas,CHARLOTTE HORNETS,AWAY,NEW ORLEANS PELICANS,WIN,968,5,8,4,6,0,0,0,1,0,1,0,0,0,11.7,11.0
grantje01,Jerami Grant,DETROIT PISTONS,AWAY,BOSTON CELTICS,LOSS,2268,6,17,3,9,5,5,0,4,0,1,3,2,3,11.6,-11.0
anthoco01,Cole Anthony,ORLANDO MAGIC,HOME,MINNESOTA TIMBERWOLVES,WIN,1812,5,11,2,5,3,4,1,5,6,1,0,4,2,11.5,0.0
clarkjo01,Jordan Clarkson,UTAH JAZZ,AWAY,SAN ANTONIO SPURS,LOSS,1442,7,14,2,7,1,3,3,5,0,1,1,2,3,11.3,3.0
hayesja02,Jaxson Hayes,NEW ORLEANS PELICANS,HOME,CHARLOTTE HORNETS,LOSS,2093,4,10,1,3,4,4,1,4,2,0,1,0,1,11.2,-20.0
jonesty01,Tyus Jones,MEMPHIS GRIZZLIES,HOME,NEW YORK KNICKS,WIN,1194,4,6,1,1,2,4,1,3,4,0,0,0,2,11.2,22.0
jacksja02,Jaren Jackson Jr.,MEMPHIS GRIZZLIES,HOME,NEW YORK KNICKS,WIN,1622,4,9,2,4,3,3,1,3,1,0,5,1,5,11.1,4.0
plumlma01,Mason Plumlee,CHARLOTTE HORNETS,AWAY,NEW ORLEANS PELICANS,WIN,1226,4,4,0,0,1,1,1,1,3,2,1,1,4,11.0,27.0
poeltja01,Jakob Poeltl,SAN ANTONIO SPURS,HOME,UTAH JAZZ,WIN,1711,6,11,0,0,3,6,5,6,1,0,2,3,5,10.9,11.0
whiteha01,Hassan Whiteside,UTAH JAZZ,AWAY,SAN ANTONIO SPURS,LOSS,965,6,7,0,0,1,5,4,6,0,1,0,2,4,10.9,0.0
markkla01,Lauri Markkanen,CLEVELAND CAVALIERS,AWAY,MIAMI HEAT,LOSS,1909,6,12,2,6,1,1,0,4,1,1,1,1,2,10.8,-15.0
porteke02,Kevin Porter Jr.,HOUSTON ROCKETS,HOME,DALLAS MAVERICKS,LOSS,1577,7,11,3,7,0,1,0,4,4,0,1,4,4,10.8,-17.0
hortota01,Talen Horton-Tucker,LOS ANGELES LAKERS,HOME,WASHINGTON WIZARDS,WIN,1800,7,16,0,0,1,3,2,3,3,2,0,0,4,10.6,5.0
gallida01,Danilo Gallinari,ATLANTA HAWKS,HOME,LOS ANGELES CLIPPERS,WIN,1796,5,12,3,7,0,0,0,6,3,0,0,0,0,10.5,3.0
loveke01,Kevin Love,CLEVELAND CAVALIERS,AWAY,MIAMI HEAT,LOSS,1292,4,5,1,2,2,2,1,7,2,1,0,3,2,10.5,-10.0
barrerj01,RJ Barrett,NEW YORK KNICKS,AWAY,MEMPHIS GRIZZLIES,LOSS,2383,9,25,1,6,4,7,1,6,2,1,0,2,1,10.4,6.0
greenja05,Jalen Green,HOUSTON ROCKETS,HOME,DALLAS MAVERICKS,LOSS,1619,5,11,0,2,1,2,1,0,6,2,0,1,1,10.4,-20.0
reaveau01,Austin Reaves,LOS ANGELES LAKERS,HOME,WASHINGTON WIZARDS,WIN,1910,6,10,0,4,0,0,0,5,3,0,1,1,1,10.3,12.0
beysa01,Saddiq Bey,DETROIT PISTONS,AWAY,BOSTON CELTICS,LOSS,2406,3,7,1,4,2,2,0,5,6,0,0,0,2,10.2,-5.0
batumni01,Nicolas Batum,LOS ANGELES CLIPPERS,AWAY,ATLANTA HAWKS,LOSS,2017,5,13,3,8,0,0,0,3,3,2,0,0,2,10.1,0.0
bogdabo01,Bogdan Bogdanović,ATLANTA HAWKS,HOME,LOS ANGELES CLIPPERS,WIN,1675,5,12,1,7,0,0,1,2,6,1,0,1,0,10.1,8.0
mcdanja02,Jaden McDaniels,MINNESOTA TIMBERWOLVES,AWAY,ORLANDO MAGIC,LOSS,1923,6,9,0,1,0,0,0,3,1,0,3,1,2,10.0,-16.0
whitede01,Derrick White,BOSTON CELTICS,HOME,DETROIT PISTONS,WIN,1413,4,7,1,3,2,2,1,3,1,1,1,1,2,9.9,3.0
chrisjo01,Josh Christopher,HOUSTON ROCKETS,HOME,DALLAS MAVERICKS,LOSS,1536,8,17,1,6,0,1,0,3,2,1,0,1,1,9.8,2.0
richajo01,Josh Richardson,SAN ANTONIO SPURS,HOME,UTAH JAZZ,WIN,2066,3,7,0,3,5,6,2,2,3,1,1,2,3,9.5,9.0
bridgmi01,Mikal Bridges,PHOENIX SUNS,HOME,TORONTO RAPTORS,LOSS,2269,7,16,2,6,2,2,1,6,1,0,1,3,3,9.3,0.0
russeda01,D'Angelo Russell,MINNESOTA TIMBERWOLVES,AWAY,ORLANDO MAGIC,LOSS,2360,4,12,3,8,2,2,0,2,7,0,0,2,1,9.3,-4.0
willizi02,Ziaire Williams,MEMPHIS GRIZZLIES,HOME,NEW YORK KNICKS,WIN,1437,5,9,3,7,0,0,0,3,1,0,0,1,0,9.3,-23.0
gaffoda01,Daniel Gafford,WASHINGTON WIZARDS,AWAY,LOS ANGELES LAKERS,LOSS,1191,2,3,0,0,1,2,3,4,1,1,3,1,1,9.0,0.0
mathega01,Garrison Mathews,HOUSTON ROCKETS,HOME,DALLAS MAVERICKS,LOSS,1438,1,4,1,4,4,5,1,1,3,3,0,1,1,8.9,-2.0
fournev01,Evan Fournier,NEW YORK KNICKS,AWAY,MEMPHIS GRIZZLIES,LOSS,1740,3,8,3,7,3,3,0,4,4,0,0,2,2,8.8,16.0
johnsst04,Stanley Johnson,LOS ANGELES LAKERS,HOME,WASHINGTON WIZARDS,WIN,1646,3,5,1,3,0,0,2,4,0,2,0,0,2,8.5,20.0
anderky01,Kyle Anderson,MEMPHIS GRIZZLIES,HOME,NEW YORK KNICKS,WIN,1126,3,4,0,0,0,3,2,7,3,1,2,2,2,8.4,2.0
holidaa01,Aaron Holiday,PHOENIX SUNS,HOME,TORONTO RAPTORS,LOSS,658,2,3,1,2,2,2,0,1,2,1,0,0,0,8.4,-10.0
josepco01,Cory Joseph,DETROIT PISTONS,AWAY,BOSTON CELTICS,LOSS,1886,1,4,1,3,4,5,1,2,6,0,0,0,4,8.1,-18.0
burketr01,Trey Burke,DALLAS MAVERICKS,AWAY,HOUSTON ROCKETS,WIN,1355,6,11,1,2,2,2,0,1,1,0,0,2,2,7.9,5.0
johnske04,Keldon Johnson,SAN ANTONIO SPURS,HOME,UTAH JAZZ,WIN,2239,5,15,1,7,2,3,2,8,1,0,0,0,2,7.8,8.0
pickeja01,Jamorko Pickett,DETROIT PISTONS,AWAY,BOSTON CELTICS,LOSS,618,3,4,2,3,0,0,1,2,0,0,0,0,1,7.3,-6.0
walkelo01,Lonnie Walker IV,SAN ANTONIO SPURS,HOME,UTAH JAZZ,WIN,1764,2,10,1,6,6,9,1,1,2,1,1,0,1,7.3,0.0
beaslma01,Malik Beasley,MINNESOTA TIMBERWOLVES,AWAY,ORLANDO MAGIC,LOSS,1931,3,10,2,9,0,0,1,3,2,2,0,0,0,7.2,4.0
morrima03,Marcus Morris,LOS ANGELES CLIPPERS,AWAY,ATLANTA HAWKS,LOSS,1465,4,12,1,6,4,4,0,3,1,1,1,2,1,7.1,-6.0
nwabada01,David Nwaba,HOUSTON ROCKETS,HOME,DALLAS MAVERICKS,LOSS,907,3,4,1,1,0,0,1,1,1,0,0,0,0,7.1,8.0
achiupr01,Precious Achiuwa,TORONTO RAPTORS,AWAY,PHOENIX SUNS,WIN,984,3,8,1,2,4,4,1,6,0,1,0,2,3,6.9,6.0
netora01,Raul Neto,WASHINGTON WIZARDS,AWAY,LOS ANGELES LAKERS,LOSS,1402,2,6,0,1,2,2,0,1,4,1,0,0,0,6.7,-6.0
houseda01,Danuel House Jr.,UTAH JAZZ,AWAY,SAN ANTONIO SPURS,LOSS,1726,3,8,2,6,1,2,1,5,1,1,1,1,3,6.6,-9.0
huntede01,De'Andre Hunter,ATLANTA HAWKS,HOME,LOS ANGELES CLIPPERS,WIN,1538,5,7,0,1,2,2,0,2,1,0,0,2,5,6.4,1.0
okongon01,Onyeka Okongwu,ATLANTA HAWKS,HOME,LOS ANGELES CLIPPERS,WIN,1029,2,6,0,0,2,2,6,3,1,0,0,0,5,6.4,0.0
willigr01,Grant Williams,BOSTON CELTICS,HOME,DETROIT PISTONS,WIN,1102,2,4,0,2,3,3,1,2,2,0,0,1,1,6.3,0.0
beverpa01,Patrick Beverley,MINNESOTA TIMBERWOLVES,AWAY,ORLANDO MAGIC,LOSS,245,3,4,3,4,0,0,0,0,0,1,0,1,3,6.2,4.0
wagnefr01,Franz Wagner,ORLANDO MAGIC,HOME,MINNESOTA TIMBERWOLVES,WIN,1922,3,10,0,4,2,2,2,4,4,0,0,1,1,6.2,7.0
coffeam01,Amir Coffey,LOS ANGELES CLIPPERS,AWAY,ATLANTA HAWKS,LOSS,2160,3,6,2,2,0,1,0,0,3,1,0,1,2,5.9,-14.0
robindu01,Duncan Robinson,MIAMI HEAT,HOME,CLEVELAND CAVALIERS,WIN,1438,3,6,3,6,0,0,0,1,1,0,0,0,3,5.8,5.0
collijo01,John Collins,ATLANTA HAWKS,HOME,LOS ANGELES CLIPPERS,WIN,1378,3,8,0,3,3,3,1,2,1,0,1,0,4,5.7,5.0
hamptrj01,R.J. Hampton,ORLANDO MAGIC,HOME,MINNESOTA TIMBERWOLVES,WIN,1291,2,3,2,3,0,0,0,1,1,0,0,0,0,5.7,7.0
gordoer01,Eric Gordon,HOUSTON ROCKETS,HOME,DALLAS MAVERICKS,LOSS,1235,0,2,0,2,4,4,0,1,3,1,0,0,1,5.6,-18.0
quickim01,Immanuel Quickley,NEW YORK KNICKS,AWAY,MEMPHIS GRIZZLIES,LOSS,1831,3,8,1,1,4,5,1,3,2,1,0,3,4,5.6,-14.0
youngth01,Thaddeus Young,TORONTO RAPTORS,AWAY,PHOENIX SUNS,WIN,1164,2,5,0,1,1,1,0,3,1,2,0,0,1,5.5,-16.0
adamsst01,Steven Adams,MEMPHIS GRIZZLIES,HOME,NEW YORK KNICKS,WIN,1491,2,7,0,0,2,4,6,3,0,1,1,1,4,5.3,-8.0
banede01,Desmond Bane,MEMPHIS GRIZZLIES,HOME,NEW YORK KNICKS,WIN,1679,4,15,2,6,2,4,2,3,1,2,0,0,5,5.3,1.0
conlemi01,Mike Conley,UTAH JAZZ,AWAY,SAN ANTONIO SPURS,LOSS,1882,2,14,1,6,3,3,2,3,5,5,0,3,4,5.2,-2.0
konchjo01,John Konchar,MEMPHIS GRIZZLIES,HOME,NEW YORK KNICKS,WIN,976,2,3,0,0,0,0,1,4,2,0,0,0,2,5.2,18.0
olynyke01,Kelly Olynyk,DETROIT PISTONS,AWAY,BOSTON CELTICS,LOSS,767,1,1,0,0,4,4,1,0,2,1,0,2,4,5.2,-6.0
osmande01,Cedi Osman,CLEVELAND CAVALIERS,AWAY,MIAMI HEAT,LOSS,982,3,8,2,5,0,0,0,3,2,0,0,0,2,5.1,-7.0
lowryky01,Kyle Lowry,MIAMI HEAT,HOME,CLEVELAND CAVALIERS,WIN,1942,1,4,1,4,0,0,0,4,10,0,1,3,4,4.9,6.0
mcgeeja01,JaVale McGee,PHOENIX SUNS,HOME,TORONTO RAPTORS,LOSS,1078,1,3,0,0,1,2,2,6,1,0,4,2,2,4.8,2.0
okorois01,Isaac Okoro,CLEVELAND CAVALIERS,AWAY,MIAMI HEAT,LOSS,1791,4,9,1,2,0,0,2,0,1,0,0,1,2,4.6,-8.0
vassede01,Devin Vassell,SAN ANTONIO SPURS,HOME,UTAH JAZZ,WIN,1643,3,7,1,4,1,2,0,7,1,0,1,2,2,4.6,-6.0
valanjo01,Jonas Valančiūnas,NEW ORLEANS PELICANS,HOME,CHARLOTTE HORNETS,LOSS,1509,4,12,0,1,2,2,1,7,1,1,0,2,3,4.5,-17.0
horfoal01,Al Horford,BOSTON CELTICS,HOME,DETROIT PISTONS,WIN,1773,3,8,0,4,0,0,1,6,1,0,0,0,1,4.4,13.0
smithis01,Ish Smith,WASHINGTON WIZARDS,AWAY,LOS ANGELES LAKERS,LOSS,1082,3,6,0,0,1,2,0,2,3,0,1,2,2,4.2,0.0
gayru01,Rudy Gay,UTAH JAZZ,AWAY,SAN ANTONIO SPURS,LOSS,792,3,8,3,4,0,0,0,1,0,0,0,0,2,4.1,-2.0
rondora01,Rajon Rondo,CLEVELAND CAVALIERS,AWAY,MIAMI HEAT,LOSS,848,1,2,1,1,0,0,0,1,4,0,0,1,0,4.1,-8.0
jonestr01,Tre Jones,SAN ANTONIO SPURS,HOME,UTAH JAZZ,WIN,757,2,3,0,0,0,0,1,2,0,1,0,1,0,4.0,-6.0
onealro01,Royce O'Neale,UTAH JAZZ,AWAY,SAN ANTONIO SPURS,LOSS,2021,2,8,1,6,0,0,1,1,5,1,1,1,4,3.8,5.0
pritcpa01,Payton Pritchard,BOSTON CELTICS,HOME,DETROIT PISTONS,WIN,786,1,2,0,1,2,2,0,2,0,1,0,0,2,3.8,1.0
schrode01,Dennis Schröder,HOUSTON ROCKETS,HOME,DALLAS MAVERICKS,LOSS,1453,1,6,0,1,1,2,0,3,7,1,0,1,2,3.8,-8.0
martike04,KJ Martin,HOUSTON ROCKETS,HOME,DALLAS MAVERICKS,LOSS,1808,5,13,0,4,1,2,0,6,0,0,0,0,4,3.7,-14.0
oubreke01,Kelly Oubre Jr.,CHARLOTTE HORNETS,AWAY,NEW ORLEANS PELICANS,WIN,894,4,7,2,5,0,0,0,2,0,0,0,2,4,3.7,1.0
biyombi01,Bismack Biyombo,PHOENIX SUNS,HOME,TORONTO RAPTORS,LOSS,617,1,1,0,0,2,2,1,1,1,0,2,2,3,3.6,10.0
bouchch01,Chris Boucher,TORONTO RAPTORS,AWAY,PHOENIX SUNS,WIN,740,2,4,0,2,0,0,2,1,0,1,1,1,2,3.6,8.0
garzalu01,Luka Garza,DETROIT PISTONS,AWAY,BOSTON CELTICS,LOSS,101,1,1,0,0,2,2,0,1,0,0,0,0,1,3.6,5.0
westbru01,Russell Westbrook,LOS ANGELES LAKERS,HOME,WASHINGTON WIZARDS,WIN,1880,2,11,0,1,1,4,0,3,9,1,1,1,3,3.6,2.0
birchkh01,Khem Birch,TORONTO RAPTORS,AWAY,PHOENIX SUNS,WIN,1588,2,4,0,0,0,0,2,4,1,0,0,1,2,3.5,9.0
tuckepj01,P.J. Tucker,MIAMI HEAT,HOME,CLEVELAND CAVALIERS,WIN,1736,1,6,0,4,0,0,2,2,4,1,0,0,2,3.2,18.0
anthoca01,Carmelo Anthony,LOS ANGELES LAKERS,HOME,WASHINGTON WIZARDS,WIN,1288,2,6,1,4,2,2,1,2,0,0,0,1,2,3.1,-14.0
bullore01,Reggie Bullock,DALLAS MAVERICKS,AWAY,HOUSTON ROCKETS,WIN,2167,3,9,2,8,0,0,0,2,1,0,1,1,2,3.1,3.0
oladivi01,Victor Oladipo,MIAMI HEAT,HOME,CLEVELAND CAVALIERS,WIN,1055,2,6,0,3,1,1,0,2,2,0,1,0,3,3.1,8.0
wadede01,Dean Wade,CLEVELAND CAVALIERS,AWAY,MIAMI HEAT,LOSS,1171,2,4,0,1,1,1,0,1,0,1,0,0,3,3.1,0.0
mannte01,Terance Mann,LOS ANGELES CLIPPERS,AWAY,ATLANTA HAWKS,LOSS,1246,3,7,0,3,0,0,0,4,1,0,0,0,3,3.0,0.0
vanvlfr01,Fred VanVleet,TORONTO RAPTORS,AWAY,PHOENIX SUNS,WIN,2277,3,11,2,8,2,2,0,8,4,0,1,5,4,2.8,-4.0
nembhrj01,RJ Nembhard Jr.,CLEVELAND CAVALIERS,AWAY,MIAMI HEAT,LOSS,149,0,0,0,0,2,2,1,0,0,0,0,0,0,2.7,2.0
vandeja01,Jarred Vanderbilt,MINNESOTA TIMBERWOLVES,AWAY,ORLANDO MAGIC,LOSS,1222,1,3,0,0,0,0,1,5,0,1,0,0,2,2.7,-6.0
wrighde01,Delon Wright,ATLANTA HAWKS,HOME,LOS ANGELES CLIPPERS,WIN,311,1,1,0,0,0,0,0,0,0,1,0,0,0,2.7,1.0
yurtsom01,Omer Yurtseven,MIAMI HEAT,HOME,CLEVELAND CAVALIERS,WIN,80,1,1,0,0,0,0,1,1,0,0,0,0,0,2.7,0.0
mcdanja01,Jalen McDaniels,CHARLOTTE HORNETS,AWAY,NEW ORLEANS PELICANS,WIN,1001,0,3,0,2,4,4,1,2,1,0,0,1,1,2.5,-9.0
washipj01,P.J. Washington,CHARLOTTE HORNETS,AWAY,NEW ORLEANS PELICANS,WIN,1465,2,5,2,4,0,0,0,1,5,0,0,3,4,2.5,14.0
goodwbr01,Brandon Goodwin,CLEVELAND CAVALIERS,AWAY,MIAMI HEAT,LOSS,149,1,1,0,0,0,0,0,0,1,0,0,0,0,2.4,2.0
bantoda01,Dalano Banton,TORONTO RAPTORS,AWAY,PHOENIX SUNS,WIN,586,0,0,0,0,1,2,0,0,1,1,0,0,0,2.3,2.0
forretr01,Trent Forrest,UTAH JAZZ,AWAY,SAN ANTONIO SPURS,LOSS,1173,2,6,0,0,0,0,0,1,2,1,0,1,0,2.3,1.0
okekech01,Chuma Okeke,ORLANDO MAGIC,HOME,MINNESOTA TIMBERWOLVES,WIN,910,1,4,1,4,0,0,0,4,1,0,1,1,1,1.8,-5.0
gabriwe01,Wenyen Gabriel,LOS ANGELES LAKERS,HOME,WASHINGTON WIZARDS,WIN,765,2,5,1,2,0,0,2,2,0,0,0,1,4,1.7,-2.0
craigto01,Torrey Craig,PHOENIX SUNS,HOME,TORONTO RAPTORS,LOSS,819,1,4,0,3,1,2,0,1,4,0,0,1,2,1.5,-9.0
meltode01,De'Anthony Melton,MEMPHIS GRIZZLIES,HOME,NEW YORK KNICKS,WIN,1103,3,9,0,4,0,1,0,2,3,0,3,3,2,1.5,-3.0
brownmo01,Moses Brown,CLEVELAND CAVALIERS,AWAY,MIAMI HEAT,LOSS,149,1,1,0,0,0,0,0,0,0,0,0,0,1,1.3,2.0
nixda01,Daishen Nix,HOUSTON ROCKETS,HOME,DALLAS MAVERICKS,LOSS,273,0,1,0,1,1,2,0,0,2,0,0,0,0,1.3,6.0
davised01,Ed Davis,CLEVELAND CAVALIERS,AWAY,MIAMI HEAT,LOSS,617,0,0,0,0,0,0,1,3,0,0,0,0,1,1.2,4.0
gibsota01,Taj Gibson,NEW YORK KNICKS,AWAY,MEMPHIS GRIZZLIES,LOSS,921,1,2,0,0,2,2,0,2,0,0,0,0,6,1.2,-5.0
suggsja01,Jalen Suggs,ORLANDO MAGIC,HOME,MINNESOTA TIMBERWOLVES,WIN,1585,2,7,1,4,0,0,0,1,4,1,0,3,2,1.2,-4.0
reidna01,Naz Reid,MINNESOTA TIMBERWOLVES,AWAY,ORLANDO MAGIC,LOSS,847,2,7,0,3,0,0,1,3,2,1,0,1,5,0.9,-10.0
sengual01,Alperen Şengün,HOUSTON ROCKETS,HOME,DALLAS MAVERICKS,LOSS,1188,3,9,0,2,0,0,1,5,1,1,0,2,5,0.8,-8.0
harteis01,Isaiah Hartenstein,LOS ANGELES CLIPPERS,AWAY,ATLANTA HAWKS,LOSS,703,1,2,0,0,0,1,1,4,1,0,0,1,4,0.6,-14.0
stausni01,Nik Stauskas,BOSTON CELTICS,HOME,DETROIT PISTONS,WIN,101,0,0,0,0,1,2,0,0,0,0,0,0,0,0.6,-5.0
richani01,Nick Richards,CHARLOTTE HORNETS,AWAY,NEW ORLEANS PELICANS,WIN,75,0,0,0,0,0,0,0,1,0,0,0,0,0,0.3,-5.0
rosste01,Terrence Ross,ORLANDO MAGIC,HOME,MINNESOTA TIMBERWOLVES,WIN,958,1,5,0,3,0,0,0,0,2,1,0,1,0,0.3,1.0
bertada01,Dāvis Bertāns,DALLAS MAVERICKS,AWAY,HOUSTON ROCKETS,WIN,1280,2,10,1,7,1,2,1,4,1,0,0,1,2,0.2,10.0
dedmode01,Dewayne Dedmon,MIAMI HEAT,HOME,CLEVELAND CAVALIERS,WIN,837,1,4,0,1,1,1,0,4,0,0,1,0,6,0.1,0.0
gillan01,Anthony Gill,WASHINGTON WIZARDS,AWAY,LOS ANGELES LAKERS,LOSS,111,0,0,0,0,0,0,0,0,0,0,0,0,0,0.0,2.0
thorjt01,JT Thor,CHARLOTTE HORNETS,AWAY,NEW ORLEANS PELICANS,WIN,75,0,0,0,0,0,0,0,0,0,0,0,0,0,0.0,-5.0
vincega01,Gabe Vincent,MIAMI HEAT,HOME,CLEVELAND CAVALIERS,WIN,84,0,0,0,0,0,0,0,0,0,0,0,0,0,0.0,-2.0
wieskjo01,Joe Wieskamp,SAN ANTONIO SPURS,HOME,UTAH JAZZ,WIN,444,0,0,0,0,0,0,0,0,0,0,0,0,0,0.0,-3.0
alexani01,Nickeil Alexander-Walker,UTAH JAZZ,AWAY,SAN ANTONIO SPURS,LOSS,392,0,1,0,0,0,0,0,1,0,0,0,0,0,-0.4,-6.0
hausesa01,Sam Hauser,BOSTON CELTICS,HOME,DETROIT PISTONS,WIN,101,0,0,0,0,0,0,0,0,0,0,0,0,1,-0.4,-5.0
highsha01,Haywood Highsmith,MIAMI HEAT,HOME,CLEVELAND CAVALIERS,WIN,84,0,1,0,1,0,0,1,0,0,0,0,0,1,-0.4,-2.0
brownst02,Sterling Brown,DALLAS MAVERICKS,AWAY,HOUSTON ROCKETS,WIN,1033,1,3,0,1,0,0,0,2,0,0,0,1,1,-0.5,-2.0
shamela01,Landry Shamet,PHOENIX SUNS,HOME,TORONTO RAPTORS,LOSS,1275,1,5,0,4,0,0,0,0,2,1,0,1,2,-0.5,1.0
alvarjo01,Jose Alvarado,NEW ORLEANS PELICANS,HOME,CHARLOTTE HORNETS,LOSS,1304,2,7,1,4,0,2,2,0,3,0,0,3,3,-0.6,-7.0
caldwke01,Kentavious Caldwell-Pope,WASHINGTON WIZARDS,AWAY,LOS ANGELES LAKERS,LOSS,1771,1,6,0,1,2,2,0,1,1,1,0,2,2,-0.6,-16.0
leesa01,Saben Lee,DETROIT PISTONS,AWAY,BOSTON CELTICS,LOSS,1054,1,5,0,1,0,0,2,1,0,0,0,0,3,-0.6,-2.0
fittsma01,Malik Fitts,BOSTON CELTICS,HOME,DETROIT PISTONS,WIN,101,0,1,0,1,0,0,0,0,0,0,0,0,0,-0.7,-5.0
marjabo01,Boban Marjanović,DALLAS MAVERICKS,AWAY,HOUSTON ROCKETS,WIN,119,0,1,0,0,0,0,0,0,0,0,0,0,0,-0.7,-3.0
martike03,Kelan Martin,BOSTON CELTICS,HOME,DETROIT PISTONS,WIN,101,0,1,0,1,0,0,0,0,0,0,0,0,0,-0.7,-5.0
augusdj01,D.J. Augustin,LOS ANGELES LAKERS,HOME,WASHINGTON WIZARDS,WIN,1196,0,1,0,1,0,0,0,1,0,0,0,0,1,-0.8,3.0
theisda01,Daniel Theis,BOSTON CELTICS,HOME,DETROIT PISTONS,WIN,664,0,1,0,0,0,0,1,2,1,0,1,2,2,-0.8,1.0
klebima01,Maxi Kleber,DALLAS MAVERICKS,AWAY,HOUSTON ROCKETS,WIN,257,0,1,0,1,0,0,1,1,0,0,0,0,3,-0.9,9.0
liveris01,Isaiah Livers,DETROIT PISTONS,AWAY,BOSTON CELTICS,LOSS,834,0,2,0,2,0,0,2,1,0,0,1,2,0,-1.0,2.0
bostobr01,Brandon Boston Jr.,LOS ANGELES CLIPPERS,AWAY,ATLANTA HAWKS,LOSS,366,1,3,0,2,0,0,0,0,0,0,0,1,1,-1.1,0.0
simsje01,Jericho Sims,NEW YORK KNICKS,AWAY,MEMPHIS GRIZZLIES,LOSS,348,0,0,0,0,0,0,1,2,0,0,0,2,1,-1.1,-6.0
willilo02,Lou Williams,ATLANTA HAWKS,HOME,LOS ANGELES CLIPPERS,WIN,693,1,6,0,1,0,0,0,0,1,0,0,0,0,-1.1,0.0
avdijde01,Deni Avdija,WASHINGTON WIZARDS,AWAY,LOS ANGELES LAKERS,LOSS,644,0,2,0,1,0,2,0,4,2,0,0,1,2,-1.4,3.0
mcbrimi01,Miles McBride,NEW YORK KNICKS,AWAY,MEMPHIS GRIZZLIES,LOSS,643,0,1,0,0,0,0,0,0,0,0,0,0,2,-1.5,-7.0
princta02,Taurean Prince,MINNESOTA TIMBERWOLVES,AWAY,ORLANDO MAGIC,LOSS,1014,2,7,0,2,0,0,0,0,0,0,0,1,1,-1.5,-7.0
landajo01,Jock Landale,SAN ANTONIO SPURS,HOME,UTAH JAZZ,WIN,383,0,2,0,1,0,0,0,3,0,0,0,0,4,-2.1,-4.0
snellto01,Tony Snell,NEW ORLEANS PELICANS,HOME,CHARLOTTE HORNETS,LOSS,697,0,1,0,1,0,0,0,0,0,0,0,2,1,-3.1,0.0
stevela01,Lamar Stevens,CLEVELAND CAVALIERS,AWAY,MIAMI HEAT,LOSS,1102,2,8,0,2,1,1,0,2,0,0,0,3,3,-3.4,-4.0
