slug,name,team,location,opponent,outcome,seconds_played,made_field_goals,attempted_field_goals,made_three_point_field_goals,attempted_three_point_field_goals,made_free_throws,attempted_free_throws,offensive_rebounds,defensive_rebounds,assists,steals,blocks,turnovers,personal_fouls,game_score,plus_minus
doncilu01,Luka Dončić,DALLAS MAVERICKS,HOME,PORTLAND TRAIL BLAZERS,WIN,2261,13,22,1,5,15,18,3,10,10,2,1,2,3,42.2,6.0
embiijo01,Joel Embiid,PHILADELPHIA 76ERS,HOME,ATLANTA HAWKS,WIN,2401,14,25,1,6,13,16,0,10,6,2,2,4,5,33.5,22.0
tatumja01,Jayson Tatum,BOSTON CELTICS,AWAY,DETROIT PISTONS,WIN,2459,14,28,7,14,8,10,2,8,3,1,1,3,2,32.0,7.0
grantje01,Jerami Grant,PORTLAND TRAIL BLAZERS,AWAY,DALLAS MAVERICKS,LOSS,2340,13,22,5,9,6,6,2,4,2,0,2,2,2,29.4,-4.0
porzikr01,Kristaps Porziņģis,WASHINGTON WIZARDS,HOME,UTAH JAZZ,WIN,1956,12,20,4,8,3,5,1,9,2,1,2,1,0,27.2,24.0
lillada01,Damian Lillard,PORTLAND TRAIL BLAZERS,AWAY,DALLAS MAVERICKS,LOSS,2261,6,16,2,7,15,17,2,5,12,1,0,5,1,26.3,-2.0
strusma01,Max Strus,MIAMI HEAT,HOME,CHARLOTTE HORNETS,WIN,2292,10,16,8,14,3,3,0,4,2,1,0,0,4,25.8,15.0
butleji01,Jimmy Butler,MIAMI HEAT,HOME,CHARLOTTE HORNETS,WIN,1878,6,8,1,2,7,7,2,5,8,1,0,0,2,25.5,13.0
willizi01,Zion Williamson,NEW ORLEANS PELICANS,HOME,HOUSTON ROCKETS,WIN,2102,8,9,0,0,10,12,1,3,6,1,0,3,3,24.7,21.0
greenja05,Jalen Green,HOUSTON ROCKETS,AWAY,NEW ORLEANS PELICANS,LOSS,2293,11,20,5,10,6,6,0,2,6,0,0,5,0,23.2,-12.0
duranke01,Kevin Durant,BROOKLYN NETS,AWAY,LOS ANGELES CLIPPERS,WIN,2072,10,16,3,5,4,4,0,6,3,2,2,3,4,22.5,16.0
smartma01,Marcus Smart,BOSTON CELTICS,AWAY,DETROIT PISTONS,WIN,2581,7,17,4,10,0,0,1,1,10,5,1,1,1,21.2,4.0
murrade01,Dejounte Murray,ATLANTA HAWKS,AWAY,PHILADELPHIA 76ERS,LOSS,2299,9,23,1,4,4,4,3,5,7,2,0,0,1,20.6,-21.0
maxeyty01,Tyrese Maxey,PHILADELPHIA 76ERS,HOME,ATLANTA HAWKS,WIN,2155,10,18,3,5,3,4,0,2,9,1,0,3,4,20.3,24.0
bogdabo02,Bojan Bogdanović,DETROIT PISTONS,HOME,BOSTON CELTICS,LOSS,1979,9,15,3,7,7,8,0,6,4,0,0,4,3,20.1,-2.0
dinwisp01,Spencer Dinwiddie,DALLAS MAVERICKS,HOME,PORTLAND TRAIL BLAZERS,WIN,1950,7,11,6,8,0,0,0,7,6,0,1,2,1,19.7,0.0
kispeco01,Corey Kispert,WASHINGTON WIZARDS,HOME,UTAH JAZZ,WIN,1725,6,6,4,4,2,2,0,4,2,1,0,0,2,19.0,14.0
youngtr01,Trae Young,ATLANTA HAWKS,AWAY,PHILADELPHIA 76ERS,LOSS,2265,8,18,2,7,9,12,1,0,11,1,0,7,1,18.4,-5.0
nancela02,Larry Nance Jr.,NEW ORLEANS PELICANS,HOME,HOUSTON ROCKETS,WIN,1664,8,10,2,3,4,5,5,4,0,0,0,3,3,18.3,10.0
adebaba01,Bam Adebayo,MIAMI HEAT,HOME,CHARLOTTE HORNETS,WIN,1984,11,18,0,0,2,3,1,14,4,1,1,5,4,18.2,19.0
willigr01,Grant Williams,BOSTON CELTICS,AWAY,DETROIT PISTONS,WIN,2694,7,12,3,6,2,2,1,9,4,0,0,1,2,17.8,8.0
turnemy01,Myles Turner,INDIANA PACERS,HOME,TORONTO RAPTORS,WIN,1618,5,8,2,3,7,8,2,8,0,0,2,1,4,17.6,14.0
anunoog01,OG Anunoby,TORONTO RAPTORS,AWAY,INDIANA PACERS,LOSS,2165,9,16,2,7,6,7,0,2,3,1,2,4,4,17.5,-17.0
harrito02,Tobias Harris,PHILADELPHIA 76ERS,HOME,ATLANTA HAWKS,WIN,2312,7,13,1,3,6,6,1,5,2,2,0,2,2,17.5,5.0
roziete01,Terry Rozier,CHARLOTTE HORNETS,AWAY,MIAMI HEAT,LOSS,2046,8,17,4,9,2,3,0,1,6,2,0,2,0,17.4,-19.0
iveyja01,Jaden Ivey,DETROIT PISTONS,HOME,BOSTON CELTICS,LOSS,2050,8,15,4,6,6,6,2,2,3,0,0,4,4,17.2,-4.0
claxtni01,Nic Claxton,BROOKLYN NETS,AWAY,LOS ANGELES CLIPPERS,WIN,1906,6,9,0,0,1,5,2,12,2,1,3,0,1,16.6,14.0
curryse01,Seth Curry,BROOKLYN NETS,AWAY,LOS ANGELES CLIPPERS,WIN,1675,9,15,4,8,0,1,0,3,3,0,0,1,2,15.9,12.0
vincega01,Gabe Vincent,MIAMI HEAT,HOME,CHARLOTTE HORNETS,WIN,1829,7,13,3,8,3,3,0,0,2,1,0,0,1,15.7,-6.0
avdijde01,Deni Avdija,WASHINGTON WIZARDS,HOME,UTAH JAZZ,WIN,2062,4,6,1,2,4,4,1,6,3,3,1,2,3,15.5,22.0
ingrabr01,Brandon Ingram,NEW ORLEANS PELICANS,HOME,HOUSTON ROCKETS,WIN,2260,8,19,0,4,4,4,1,4,5,3,1,2,4,15.4,21.0
hortota01,Talen Horton-Tucker,UTAH JAZZ,AWAY,WASHINGTON WIZARDS,LOSS,1015,3,7,1,2,5,6,0,3,10,0,1,1,1,15.1,13.0
alvarjo01,Jose Alvarado,NEW ORLEANS PELICANS,HOME,HOUSTON ROCKETS,WIN,1213,5,6,2,3,0,0,0,2,5,3,0,0,5,14.9,15.0
kuzmaky01,Kyle Kuzma,WASHINGTON WIZARDS,HOME,UTAH JAZZ,WIN,1990,8,19,1,7,6,7,1,7,6,0,0,4,2,14.7,12.0
hieldbu01,Buddy Hield,INDIANA PACERS,HOME,TORONTO RAPTORS,WIN,1702,8,15,5,11,1,2,2,6,2,0,1,4,3,14.4,10.0
oubreke01,Kelly Oubre Jr.,CHARLOTTE HORNETS,AWAY,MIAMI HEAT,LOSS,2025,8,16,2,5,2,3,1,7,1,0,1,1,1,14.4,-22.0
simonan01,Anfernee Simons,PORTLAND TRAIL BLAZERS,AWAY,DALLAS MAVERICKS,LOSS,2362,9,20,5,11,1,2,0,7,2,0,0,2,3,13.5,5.0
woodch01,Christian Wood,DALLAS MAVERICKS,HOME,PORTLAND TRAIL BLAZERS,WIN,1508,7,11,1,5,4,5,0,5,1,2,0,2,6,13.5,14.0
beaslma01,Malik Beasley,UTAH JAZZ,AWAY,WASHINGTON WIZARDS,LOSS,1767,6,13,4,9,0,0,0,6,3,1,0,0,2,13.4,-1.0
markkla01,Lauri Markkanen,UTAH JAZZ,AWAY,WASHINGTON WIZARDS,LOSS,1873,8,14,1,3,0,0,1,4,1,0,2,1,0,13.4,-23.0
sextoco01,Collin Sexton,UTAH JAZZ,AWAY,WASHINGTON WIZARDS,LOSS,1311,6,9,1,2,4,4,1,3,2,0,0,2,3,12.9,-4.0
mathube01,Bennedict Mathurin,INDIANA PACERS,HOME,TORONTO RAPTORS,WIN,1800,4,10,3,4,4,6,3,5,3,0,0,1,2,12.7,7.0
powelno01,Norman Powell,LOS ANGELES CLIPPERS,HOME,BROOKLYN NETS,LOSS,1591,6,14,1,1,3,3,1,1,1,2,1,0,1,12.6,1.0
richani01,Nick Richards,CHARLOTTE HORNETS,AWAY,MIAMI HEAT,LOSS,1278,6,7,0,0,3,3,2,3,0,0,0,1,3,12.6,-1.0
youngth01,Thaddeus Young,TORONTO RAPTORS,AWAY,INDIANA PACERS,LOSS,2041,6,10,0,2,3,4,2,3,1,3,0,2,4,12.4,-13.0
bouchch01,Chris Boucher,TORONTO RAPTORS,AWAY,INDIANA PACERS,LOSS,1692,6,17,2,8,5,7,4,3,0,1,1,1,2,12.3,-3.0
capelca01,Clint Capela,ATLANTA HAWKS,AWAY,PHILADELPHIA 76ERS,LOSS,1987,7,9,0,0,0,0,6,9,0,0,0,4,3,12.2,-20.0
zubaciv01,Ivica Zubac,LOS ANGELES CLIPPERS,HOME,BROOKLYN NETS,LOSS,1662,6,8,0,0,4,6,5,10,0,0,0,5,4,11.9,-5.0
lowryky01,Kyle Lowry,MIAMI HEAT,HOME,CHARLOTTE HORNETS,WIN,1909,5,12,1,6,1,1,1,10,8,0,1,3,2,11.8,14.0
bantoda01,Dalano Banton,TORONTO RAPTORS,AWAY,INDIANA PACERS,LOSS,781,5,8,2,3,2,2,1,1,0,0,2,1,1,11.4,4.0
gordoer01,Eric Gordon,HOUSTON ROCKETS,AWAY,NEW ORLEANS PELICANS,LOSS,1800,6,11,2,6,1,1,0,1,5,0,1,2,2,11.4,-15.0
hayeski01,Killian Hayes,DETROIT PISTONS,HOME,BOSTON CELTICS,LOSS,2109,6,14,3,6,0,0,2,4,7,0,0,3,2,11.3,-2.0
hardati02,Tim Hardaway Jr.,DALLAS MAVERICKS,HOME,PORTLAND TRAIL BLAZERS,WIN,1878,6,13,3,10,1,1,0,3,5,1,0,3,2,10.9,23.0
morrima03,Marcus Morris,LOS ANGELES CLIPPERS,HOME,BROOKLYN NETS,LOSS,1694,5,9,3,5,0,0,2,4,2,0,0,1,2,10.9,-13.0
halibty01,Tyrese Haliburton,INDIANA PACERS,HOME,TORONTO RAPTORS,WIN,2350,3,14,2,9,0,1,1,5,15,2,1,3,2,10.6,26.0
smithja05,Jabari Smith Jr.,HOUSTON ROCKETS,AWAY,NEW ORLEANS PELICANS,LOSS,1665,4,10,0,2,1,2,6,9,2,0,2,1,4,10.3,-21.0
jacksis01,Isaiah Jackson,INDIANA PACERS,HOME,TORONTO RAPTORS,WIN,1262,5,5,0,0,0,0,2,3,0,1,1,2,1,10.1,0.0
sumneed01,Edmond Sumner,BROOKLYN NETS,AWAY,LOS ANGELES CLIPPERS,WIN,1368,4,10,2,6,1,1,0,1,4,3,1,2,1,10.0,6.0
porteot01,Otto Porter Jr.,TORONTO RAPTORS,AWAY,INDIANA PACERS,LOSS,1592,2,3,0,1,2,2,2,3,3,2,0,1,1,9.7,-13.0
walljo01,John Wall,LOS ANGELES CLIPPERS,HOME,BROOKLYN NETS,LOSS,1465,5,11,2,4,2,3,0,1,6,1,0,3,2,9.6,-12.0
maledth01,Théo Maledon,CHARLOTTE HORNETS,AWAY,MIAMI HEAT,LOSS,1176,3,3,0,0,2,2,0,6,2,0,0,0,2,9.5,6.0
smithja04,Jalen Smith,INDIANA PACERS,HOME,TORONTO RAPTORS,WIN,1515,6,11,3,7,1,2,0,5,2,0,0,3,3,9.0,9.0
ballla01,LaMelo Ball,CHARLOTTE HORNETS,AWAY,MIAMI HEAT,LOSS,1692,6,17,1,9,2,2,0,6,6,1,0,2,5,8.5,-18.0
dedmode01,Dewayne Dedmon,MIAMI HEAT,HOME,CHARLOTTE HORNETS,WIN,798,3,7,1,2,0,0,3,1,2,0,3,0,2,8.4,-2.0
porteke02,Kevin Porter Jr.,HOUSTON ROCKETS,AWAY,NEW ORLEANS PELICANS,LOSS,2012,9,16,3,9,2,4,0,1,3,0,0,7,4,8.4,-28.0
goodwjo01,Jordan Goodwin,WASHINGTON WIZARDS,HOME,UTAH JAZZ,WIN,1232,3,8,3,3,0,0,1,1,2,1,2,0,3,8.2,-8.0
mcdanja01,Jalen McDaniels,CHARLOTTE HORNETS,AWAY,MIAMI HEAT,LOSS,1658,3,6,1,2,2,2,0,4,4,0,0,1,2,8.2,-6.0
nesmiaa01,Aaron Nesmith,INDIANA PACERS,HOME,TORONTO RAPTORS,WIN,884,3,5,2,3,2,2,0,2,2,0,1,1,3,8.2,-4.0
plumlma01,Mason Plumlee,CHARLOTTE HORNETS,AWAY,MIAMI HEAT,LOSS,1602,4,6,0,0,1,1,1,4,5,0,0,3,2,8.0,-16.0
miltosh01,Shake Milton,PHILADELPHIA 76ERS,HOME,ATLANTA HAWKS,WIN,1231,5,8,0,1,1,2,0,2,3,0,0,1,2,7.9,-3.0
morrimo01,Monte Morris,WASHINGTON WIZARDS,HOME,UTAH JAZZ,WIN,1751,2,9,1,3,0,0,1,6,9,0,0,0,1,7.9,15.0
vandeja01,Jarred Vanderbilt,UTAH JAZZ,AWAY,WASHINGTON WIZARDS,LOSS,1049,3,6,1,2,0,0,4,4,1,1,0,1,2,7.9,-12.0
whitede01,Derrick White,BOSTON CELTICS,AWAY,DETROIT PISTONS,WIN,1511,3,12,1,5,5,6,0,3,4,0,2,0,4,7.9,4.0
mccolcj01,CJ McCollum,NEW ORLEANS PELICANS,HOME,HOUSTON ROCKETS,WIN,2245,3,14,1,7,2,2,1,6,7,2,0,2,1,7.4,20.0
gayru01,Rudy Gay,UTAH JAZZ,AWAY,WASHINGTON WIZARDS,LOSS,1037,3,6,2,4,0,0,0,3,1,1,0,0,1,7.2,8.0
jacksre01,Reggie Jackson,LOS ANGELES CLIPPERS,HOME,BROOKLYN NETS,LOSS,2000,2,5,2,5,0,0,1,5,6,1,0,3,2,6.9,-18.0
stewais01,Isaiah Stewart,DETROIT PISTONS,HOME,BOSTON CELTICS,LOSS,1662,3,8,2,4,0,0,1,8,2,1,0,1,3,6.9,2.0
huntede01,De'Andre Hunter,ATLANTA HAWKS,AWAY,PHILADELPHIA 76ERS,LOSS,1598,4,12,0,3,7,8,1,3,0,0,0,1,4,6.8,-12.0
bouknja01,James Bouknight,CHARLOTTE HORNETS,AWAY,MIAMI HEAT,LOSS,846,4,6,1,3,0,0,0,0,0,0,1,0,1,6.7,-3.0
durenja01,Jalen Duren,DETROIT PISTONS,HOME,BOSTON CELTICS,LOSS,1031,1,1,0,0,0,0,1,11,1,2,0,1,2,6.6,-9.0
clarkjo01,Jordan Clarkson,UTAH JAZZ,AWAY,WASHINGTON WIZARDS,LOSS,1509,8,18,2,8,0,0,0,0,1,0,0,2,2,6.5,-9.0
walkeja01,Jabari Walker,PORTLAND TRAIL BLAZERS,AWAY,DALLAS MAVERICKS,LOSS,481,1,2,0,0,3,4,2,2,1,0,0,0,0,6.3,-2.0
nembhan01,Andrew Nembhard,INDIANA PACERS,HOME,TORONTO RAPTORS,WIN,1293,3,5,2,3,0,0,0,2,3,0,0,1,3,6.2,5.0
barnesc01,Scottie Barnes,TORONTO RAPTORS,AWAY,INDIANA PACERS,LOSS,2341,4,16,0,4,0,0,4,5,5,2,1,2,2,6.1,-18.0
easonta01,Tari Eason,HOUSTON ROCKETS,AWAY,NEW ORLEANS PELICANS,LOSS,1263,1,4,1,3,2,2,0,2,3,3,0,1,3,6.1,6.0
georgpa01,Paul George,LOS ANGELES CLIPPERS,HOME,BROOKLYN NETS,LOSS,2046,5,21,1,6,6,7,0,4,4,0,2,2,3,6.1,-19.0
bartowi01,Will Barton,WASHINGTON WIZARDS,HOME,UTAH JAZZ,WIN,983,3,7,1,5,2,2,0,2,1,0,1,1,1,5.9,-6.0
kornelu01,Luke Kornet,BOSTON CELTICS,AWAY,DETROIT PISTONS,WIN,554,1,1,0,0,4,4,0,1,1,0,0,0,2,5.9,-5.0
martike04,KJ Martin,HOUSTON ROCKETS,AWAY,NEW ORLEANS PELICANS,LOSS,1543,4,7,0,3,1,1,3,4,1,0,0,3,2,5.9,1.0
onealro01,Royce O'Neale,BROOKLYN NETS,AWAY,LOS ANGELES CLIPPERS,WIN,2072,3,11,3,6,3,4,1,4,3,1,0,3,3,5.9,16.0
griffbl01,Blake Griffin,BOSTON CELTICS,AWAY,DETROIT PISTONS,WIN,1260,3,6,1,3,0,0,1,5,0,0,0,0,1,5.8,1.0
hachiru01,Rui Hachimura,WASHINGTON WIZARDS,HOME,UTAH JAZZ,WIN,1712,5,12,1,4,0,0,0,4,1,0,1,1,1,5.8,-9.0
grahade01,Devonte' Graham,NEW ORLEANS PELICANS,HOME,HOUSTON ROCKETS,WIN,559,2,4,1,2,0,0,0,0,1,2,0,0,0,5.7,-7.0
houseda01,Danuel House Jr.,PHILADELPHIA 76ERS,HOME,ATLANTA HAWKS,WIN,1069,2,4,1,3,0,0,0,1,0,2,1,0,1,5.6,-6.0
josepco01,Cory Joseph,DETROIT PISTONS,HOME,BOSTON CELTICS,LOSS,641,2,4,1,2,2,3,0,0,2,0,0,0,1,5.6,-5.0
harrijo01,Joe Harris,BROOKLYN NETS,AWAY,LOS ANGELES CLIPPERS,WIN,1898,2,6,2,5,1,2,0,2,3,1,0,1,1,5.5,7.0
kaminfr01,Frank Kaminsky,ATLANTA HAWKS,AWAY,PHILADELPHIA 76ERS,LOSS,797,3,3,0,0,0,0,0,3,1,0,0,0,3,5.5,6.0
baglema01,Marvin Bagley III,DETROIT PISTONS,HOME,BOSTON CELTICS,LOSS,1088,2,5,0,1,0,0,2,2,1,0,2,0,0,5.4,-9.0
olynyke01,Kelly Olynyk,UTAH JAZZ,AWAY,WASHINGTON WIZARDS,LOSS,1695,4,10,2,5,0,0,0,5,4,0,0,2,4,5.3,-20.0
flynnma01,Malachi Flynn,TORONTO RAPTORS,AWAY,INDIANA PACERS,LOSS,1368,3,9,1,5,1,1,0,2,1,1,1,0,2,5.1,10.0
tuckepj01,P.J. Tucker,PHILADELPHIA 76ERS,HOME,ATLANTA HAWKS,WIN,1867,1,1,0,0,0,0,1,5,2,2,0,1,3,5.1,18.0
valanjo01,Jonas Valančiūnas,NEW ORLEANS PELICANS,HOME,HOUSTON ROCKETS,WIN,1216,2,7,1,1,3,4,2,2,1,1,0,1,3,5.0,3.0
korkmfu01,Furkan Korkmaz,PHILADELPHIA 76ERS,HOME,ATLANTA HAWKS,WIN,237,3,4,0,0,1,2,0,1,0,0,0,0,1,4.9,-1.0
kennalu01,Luke Kennard,LOS ANGELES CLIPPERS,HOME,BROOKLYN NETS,LOSS,1455,3,5,2,4,1,1,0,3,0,0,0,2,2,4.8,-16.0
collijo01,John Collins,ATLANTA HAWKS,AWAY,PHILADELPHIA 76ERS,LOSS,2009,2,6,0,3,2,2,1,5,0,0,1,0,2,4.7,-22.0
millspa02,Patty Mills,BROOKLYN NETS,AWAY,LOS ANGELES CLIPPERS,WIN,693,2,5,2,4,0,0,1,0,1,0,0,0,0,4.7,-3.0
sharpda01,Day'Ron Sharpe,BROOKLYN NETS,AWAY,LOS ANGELES CLIPPERS,WIN,115,1,1,0,0,2,2,0,1,1,0,0,0,0,4.7,2.0
griffaj01,AJ Griffin,ATLANTA HAWKS,AWAY,PHILADELPHIA 76ERS,LOSS,720,3,7,2,2,1,1,0,1,0,0,0,1,0,4.6,3.0
marshna01,Naji Marshall,NEW ORLEANS PELICANS,HOME,HOUSTON ROCKETS,WIN,903,1,3,1,1,0,0,1,0,2,1,0,0,0,4.4,-19.0
martica02,Caleb Martin,MIAMI HEAT,HOME,CHARLOTTE HORNETS,WIN,2026,3,8,0,1,1,3,2,2,4,1,0,2,3,4.4,27.0
brissos01,Oshae Brissett,INDIANA PACERS,HOME,TORONTO RAPTORS,WIN,891,3,6,0,3,2,2,1,2,0,0,0,2,0,4.3,3.0
conlemi01,Mike Conley,UTAH JAZZ,AWAY,WASHINGTON WIZARDS,LOSS,1781,1,8,0,5,1,1,0,3,10,1,0,2,1,4.3,-21.0
eubandr01,Drew Eubanks,PORTLAND TRAIL BLAZERS,AWAY,DALLAS MAVERICKS,LOSS,2009,1,2,0,0,0,0,2,6,0,2,0,0,5,4.2,10.0
gaffoda01,Daniel Gafford,WASHINGTON WIZARDS,HOME,UTAH JAZZ,WIN,859,1,1,0,0,0,0,1,1,1,0,1,0,0,4.1,-11.0
vonleno01,Noah Vonleh,BOSTON CELTICS,AWAY,DETROIT PISTONS,WIN,1195,0,2,0,1,2,2,3,4,2,0,0,0,3,4.1,11.0
littlna01,Nassir Little,PORTLAND TRAIL BLAZERS,AWAY,DALLAS MAVERICKS,LOSS,871,2,3,0,0,0,0,0,1,0,1,0,0,0,4.0,-5.0
niangge01,Georges Niang,PHILADELPHIA 76ERS,HOME,ATLANTA HAWKS,WIN,857,1,2,1,2,1,1,0,0,2,0,2,1,2,4.0,-4.0
beysa01,Saddiq Bey,DETROIT PISTONS,HOME,BOSTON CELTICS,LOSS,1829,3,13,2,6,2,2,0,2,2,1,0,0,3,3.9,-3.0
hernaju01,Juancho Hernangómez,TORONTO RAPTORS,AWAY,INDIANA PACERS,LOSS,917,0,1,0,0,0,0,2,6,1,1,0,0,1,3.8,-4.0
cainja01,Jamal Cain,MIAMI HEAT,HOME,CHARLOTTE HORNETS,WIN,98,1,1,1,1,0,0,0,0,0,1,0,0,0,3.7,0.0
garubus01,Usman Garuba,HOUSTON ROCKETS,AWAY,NEW ORLEANS PELICANS,LOSS,1397,1,2,1,1,1,2,1,5,0,1,1,2,2,3.7,1.0
greenjo02,Josh Green,DALLAS MAVERICKS,HOME,PORTLAND TRAIL BLAZERS,WIN,1422,2,5,1,4,1,2,1,0,1,1,0,0,4,3.7,4.0
simmobe01,Ben Simmons,BROOKLYN NETS,AWAY,LOS ANGELES CLIPPERS,WIN,868,1,2,0,0,0,0,1,4,3,0,0,0,4,3.4,-1.0
dukeda01,David Duke Jr.,BROOKLYN NETS,AWAY,LOS ANGELES CLIPPERS,WIN,115,1,1,0,0,0,0,1,0,1,0,0,0,0,3.1,2.0
joneshe01,Herbert Jones,NEW ORLEANS PELICANS,HOME,HOUSTON ROCKETS,WIN,1167,3,7,0,3,0,0,1,2,1,0,0,0,3,3.1,15.0
kolokch01,Christian Koloko,TORONTO RAPTORS,AWAY,INDIANA PACERS,LOSS,333,1,1,0,0,0,0,1,1,0,0,0,0,0,2.7,1.0
finnedo01,Dorian Finney-Smith,DALLAS MAVERICKS,HOME,PORTLAND TRAIL BLAZERS,WIN,2025,2,7,2,6,0,0,0,5,1,0,0,1,2,2.3,-4.0
mccontj01,T.J. McConnell,INDIANA PACERS,HOME,TORONTO RAPTORS,WIN,1073,1,3,0,0,0,0,0,2,6,1,0,3,2,2.3,2.0
kesslwa01,Walker Kessler,UTAH JAZZ,AWAY,WASHINGTON WIZARDS,LOSS,918,1,2,0,0,0,0,1,3,0,0,0,0,1,2.2,15.0
klebima01,Maxi Kleber,DALLAS MAVERICKS,HOME,PORTLAND TRAIL BLAZERS,WIN,1401,2,5,0,1,0,0,1,1,1,0,0,0,2,2.2,2.0
sengual01,Alperen Şengün,HOUSTON ROCKETS,AWAY,NEW ORLEANS PELICANS,LOSS,1138,3,6,0,1,0,0,0,3,1,1,0,1,6,2.2,-5.0
sharpsh01,Shaedon Sharpe,PORTLAND TRAIL BLAZERS,AWAY,DALLAS MAVERICKS,LOSS,1156,2,3,1,2,0,0,0,1,0,0,0,1,2,2.2,-13.0
daniedy01,Dyson Daniels,NEW ORLEANS PELICANS,HOME,HOUSTON ROCKETS,WIN,11,0,0,0,0,2,2,0,0,0,0,0,0,0,2.0,0.0
nixda01,Daishen Nix,HOUSTON ROCKETS,AWAY,NEW ORLEANS PELICANS,LOSS,677,0,0,0,0,0,0,0,3,3,1,0,2,0,2.0,13.0
pritcpa01,Payton Pritchard,BOSTON CELTICS,AWAY,DETROIT PISTONS,WIN,899,2,6,1,3,0,0,1,1,2,0,0,2,0,2.0,16.0
joneska01,Kai Jones,CHARLOTTE HORNETS,AWAY,MIAMI HEAT,LOSS,99,1,1,0,0,0,0,0,0,0,0,0,0,0,1.7,0.0
jovicni01,Nikola Jović,MIAMI HEAT,HOME,CHARLOTTE HORNETS,WIN,98,1,1,1,1,0,0,0,0,0,0,0,1,0,1.7,0.0
mannte01,Terance Mann,LOS ANGELES CLIPPERS,HOME,BROOKLYN NETS,LOSS,1149,1,5,0,3,0,0,0,3,2,0,1,0,1,1.5,5.0
johnsja05,Jalen Johnson,ATLANTA HAWKS,AWAY,PHILADELPHIA 76ERS,LOSS,662,2,3,0,1,0,0,0,2,0,1,0,3,0,1.3,3.0
marjabo01,Boban Marjanović,HOUSTON ROCKETS,AWAY,NEW ORLEANS PELICANS,LOSS,248,1,1,0,0,0,0,0,2,0,0,0,1,0,1.3,-1.0
hausesa01,Sam Hauser,BOSTON CELTICS,AWAY,DETROIT PISTONS,WIN,1244,2,7,1,6,0,0,0,1,1,0,0,0,2,1.1,-1.0
thomaca02,Cam Thomas,BROOKLYN NETS,AWAY,LOS ANGELES CLIPPERS,WIN,1503,1,6,0,1,2,2,0,2,3,1,0,2,2,1.1,2.0
azubuud01,Udoka Azubuike,UTAH JAZZ,AWAY,WASHINGTON WIZARDS,LOSS,148,1,1,0,0,0,0,0,1,0,0,0,1,0,1.0,3.0
coffeam01,Amir Coffey,LOS ANGELES CLIPPERS,HOME,BROOKLYN NETS,LOSS,141,1,2,0,0,0,0,0,0,0,0,0,0,0,1.0,1.0
watfotr01,Trendon Watford,PORTLAND TRAIL BLAZERS,AWAY,DALLAS MAVERICKS,LOSS,743,2,3,0,0,0,0,0,1,0,1,0,1,5,1.0,-14.0
batumni01,Nicolas Batum,LOS ANGELES CLIPPERS,HOME,BROOKLYN NETS,LOSS,1056,0,5,0,3,0,0,1,5,1,0,2,0,0,0.8,0.0
murphtr02,Trey Murphy III,NEW ORLEANS PELICANS,HOME,HOUSTON ROCKETS,WIN,1060,2,7,0,5,2,2,0,1,0,0,0,1,1,0.8,-14.0
robindu01,Duncan Robinson,MIAMI HEAT,HOME,CHARLOTTE HORNETS,WIN,1389,2,9,0,6,1,1,0,1,2,1,0,1,1,0.8,5.0
thybuma01,Matisse Thybulle,PHILADELPHIA 76ERS,HOME,ATLANTA HAWKS,WIN,1792,1,5,1,4,0,0,0,2,0,1,0,0,2,0.7,15.0
bullore01,Reggie Bullock,DALLAS MAVERICKS,HOME,PORTLAND TRAIL BLAZERS,WIN,1033,1,5,0,4,0,0,0,2,1,2,0,0,4,0.6,-5.0
thorjt01,JT Thor,CHARLOTTE HORNETS,AWAY,MIAMI HEAT,LOSS,323,1,4,0,1,0,0,0,1,1,1,0,1,0,0.6,-2.0
diallha01,Hamidou Diallo,DETROIT PISTONS,HOME,BOSTON CELTICS,LOSS,910,2,9,1,3,0,0,1,1,1,0,0,0,2,0.4,-6.0
liveris01,Isaiah Livers,DETROIT PISTONS,HOME,BOSTON CELTICS,LOSS,1101,1,5,0,3,1,2,2,3,0,0,1,1,3,0.3,-7.0
poweldw01,Dwight Powell,DALLAS MAVERICKS,HOME,PORTLAND TRAIL BLAZERS,WIN,922,1,2,0,0,0,0,2,0,0,0,0,1,3,0.2,-15.0
alexani01,Nickeil Alexander-Walker,UTAH JAZZ,AWAY,WASHINGTON WIZARDS,LOSS,148,0,0,0,0,0,0,0,0,0,0,0,0,0,0.0,3.0
brownmo01,Moses Brown,LOS ANGELES CLIPPERS,HOME,BROOKLYN NETS,LOSS,141,0,0,0,0,0,0,0,0,0,0,0,0,0,0.0,1.0
fontesi01,Simone Fontecchio,UTAH JAZZ,AWAY,WASHINGTON WIZARDS,LOSS,148,0,0,0,0,0,0,0,0,0,0,0,0,0,0.0,3.0
gillan01,Anthony Gill,WASHINGTON WIZARDS,HOME,UTAH JAZZ,WIN,65,0,0,0,0,0,0,0,0,0,0,0,0,0,0.0,-4.0
highsha01,Haywood Highsmith,MIAMI HEAT,HOME,CHARLOTTE HORNETS,WIN,99,0,0,0,0,0,0,0,0,0,0,0,0,0,0.0,0.0
taylote01,Terry Taylor,INDIANA PACERS,HOME,TORONTO RAPTORS,WIN,12,0,0,0,0,0,0,0,0,0,0,0,0,0,0.0,-2.0
careyve01,Vernon Carey Jr.,WASHINGTON WIZARDS,HOME,UTAH JAZZ,WIN,65,0,0,0,0,0,0,0,0,0,0,0,0,1,-0.4,-4.0
holidaa01,Aaron Holiday,ATLANTA HAWKS,AWAY,PHILADELPHIA 76ERS,LOSS,1135,2,6,1,3,0,0,0,0,0,0,0,1,3,-0.6,5.0
edwarke02,Kessler Edwards,BROOKLYN NETS,AWAY,LOS ANGELES CLIPPERS,WIN,115,0,1,0,0,0,0,0,0,0,0,0,0,0,-0.7,2.0
hartjo01,Josh Hart,PORTLAND TRAIL BLAZERS,AWAY,DALLAS MAVERICKS,LOSS,2177,0,9,0,2,2,6,4,5,3,1,0,1,3,-0.7,0.0
holidju01,Justin Holiday,ATLANTA HAWKS,AWAY,PHILADELPHIA 76ERS,LOSS,928,0,2,0,1,0,0,0,3,1,0,1,1,2,-0.9,3.0
chrisjo01,Josh Christopher,HOUSTON ROCKETS,AWAY,NEW ORLEANS PELICANS,LOSS,364,0,2,0,1,0,0,0,1,0,1,0,1,0,-1.1,-4.0
reedpa01,Paul Reed,PHILADELPHIA 76ERS,HOME,ATLANTA HAWKS,WIN,479,0,0,0,0,0,0,0,1,0,0,0,0,4,-1.3,-10.0
washipj01,P.J. Washington,CHARLOTTE HORNETS,AWAY,MIAMI HEAT,LOSS,1655,2,7,0,2,0,0,0,1,0,0,1,1,5,-2.1,-4.0
trentga02,Gary Trent Jr.,TORONTO RAPTORS,AWAY,INDIANA PACERS,LOSS,1170,1,13,0,5,4,6,0,1,0,1,1,1,1,-2.9,-17.0
